<mvc:View
	xmlns="sap.m"
	xmlns:mvc="sap.ui.core.mvc"
	xmlns:smartFilterBar="sap.ui.comp.smartfilterbar"
	xmlns:smartTable="sap.ui.comp.smarttable"
	xmlns:html="http://www.w3.org/1999/xhtml"
	xmlns:app="http://schemas.sap.com/sapui5/extension/sap.ui.core.CustomData/1"
	controllerName="sap.ui.comp.sample.smarttable.smartTableWithCriticality.SmartTable"
	height="100%">

	<!-- use this to make the table occupy the available screen height -->
	<VBox fitContainer="true">
		<smartFilterBar:SmartFilterBar id="smartFilterBar"
			entitySet="STTA_C_MP_Product" persistencyKey="SmartFilter_Explored">
			<!-- layout data used to make the table growing but the filter bar fixed -->
			<smartFilterBar:layoutData>
				<FlexItemData shrinkFactor="0" />
			</smartFilterBar:layoutData>
		</smartFilterBar:SmartFilterBar>
		<smartTable:SmartTable entitySet="STTA_C_MP_Product"
			smartFilterId="smartFilterBar" useExportToExcel="true" beforeExport="onBeforeExport"
			useVariantManagement="false" useTablePersonalisation="true" header="Products"
			showRowCount="true" persistencyKey="SmartTableRefApp_Explored"
			enableAutoBinding="true" class="sapUiResponsiveContentPadding">
			<!-- layout data used to make the table growing but the filter bar fixed -->
			<smartTable:layoutData>
				<FlexItemData growFactor="1" baseSize="0%" />
			</smartTable:layoutData>
		</smartTable:SmartTable>
	</VBox>
</mvc:View>