<edmx:Edmx xmlns:edmx="http://schemas.microsoft.com/ado/2007/06/edmx" xmlns:m="http://schemas.microsoft.com/ado/2007/08/dataservices/metadata" xmlns:sap="http://www.sap.com/Protocols/SAPData" Version="1.0">
	<edmx:Reference xmlns:edmx="http://docs.oasis-open.org/odata/ns/edmx" Uri="./IWFND/CATALOGSERVICE;v=2/Vocabularies(TechnicalName='%2FIWBEP%2FVOC_COMMON',Version='0001',SAP__Origin='LOCAL')/$value">
		<edmx:Include Namespace="com.sap.vocabularies.Common.v1" Alias="Common"/>
		<edmx:Include Namespace="com.sap.vocabularies.Common.v1"/>
	</edmx:Reference>
	<edmx:Reference xmlns:edmx="http://docs.oasis-open.org/odata/ns/edmx" Uri="./IWFND/CATALOGSERVICE;v=2/Vocabularies(TechnicalName='%2FIWBEP%2FVOC_CORE',Version='0001',SAP__Origin='LOCAL')/$value">
		<edmx:Include Namespace="Org.OData.Core.V1"/>
	</edmx:Reference>
	<edmx:DataServices m:DataServiceVersion="2.0">
		<Schema xmlns="http://schemas.microsoft.com/ado/2008/09/edm" Namespace="STTA_PROD_MAN" xml:lang="en" sap:schema-version="1">
			<EntityType Name="I_CurrencyType" sap:label="Currency" sap:content-version="1">
				<Key>
					<PropertyRef Name="Currency"/>
				</Key>
				<Property Name="Currency" Type="Edm.String" Nullable="false" MaxLength="5" sap:text="Currency_Text" sap:label="Currency" sap:quickinfo="Currency Key" sap:semantics="currency-code"/>
				<Property Name="Currency_Text" Type="Edm.String" MaxLength="40" sap:label="Long Text" sap:creatable="false" sap:updatable="false"/>
				<Property Name="Decimals" Type="Edm.Byte" sap:label="Decimals" sap:quickinfo="Number of decimal places"/>
				<Property Name="CurrencyISOCode" Type="Edm.String" MaxLength="3" sap:display-format="UpperCase" sap:label="ISO Code" sap:quickinfo="ISO Currency Code"/>
				<Property Name="AlternativeCurrencyKey" Type="Edm.String" MaxLength="3" sap:display-format="UpperCase" sap:label="Alternative Key" sap:quickinfo="Alternative Key for Currencies"/>
				<Property Name="IsPrimaryCurrencyForISOCrcy" Type="Edm.Boolean" sap:display-format="UpperCase" sap:label="Primary" sap:quickinfo="Primary SAP Currency Code for ISO Code"/>
			</EntityType>
			<EntityType Name="I_DraftAdministrativeDataType" sap:label="Draft Administrative Data" sap:content-version="1">
				<Key>
					<PropertyRef Name="DraftUUID"/>
				</Key>
				<Property Name="DraftUUID" Type="Edm.Guid" Nullable="false" sap:label="Draft (Technical ID)"/>
				<Property Name="ProcessingStartDateTime" Type="Edm.DateTimeOffset" Precision="7" sap:label="Draft In Process Since"/>
				<Property Name="InProcessByUser" Type="Edm.String" MaxLength="12" sap:display-format="UpperCase" sap:text="InProcessByUserDescription" sap:label="Draft In Process By"/>
				<Property Name="DraftIsKeptByUser" Type="Edm.Boolean" sap:display-format="UpperCase" sap:label="Draft Is Kept By User"/>
				<Property Name="EnqueueStartDateTime" Type="Edm.DateTimeOffset" Precision="7" sap:label="Draft Locked Since"/>
				<Property Name="DraftIsCreatedByMe" Type="Edm.Boolean" sap:display-format="UpperCase" sap:label="Draft Created By Me"/>
				<Property Name="DraftIsLastChangedByMe" Type="Edm.Boolean" sap:display-format="UpperCase" sap:label="Draft Last Changed By Me"/>
				<Property Name="DraftIsProcessedByMe" Type="Edm.Boolean" sap:display-format="UpperCase" sap:label="Draft In Process By Me"/>
				<Property Name="CreatedByUserDescription" Type="Edm.String" MaxLength="80" sap:label="Draft Created By (Description)"/>
				<Property Name="LastChangedByUserDescription" Type="Edm.String" MaxLength="80" sap:label="Draft Last Changed By (Description)"/>
				<Property Name="InProcessByUserDescription" Type="Edm.String" MaxLength="80" sap:label="Draft In Process By (Description)"/>
				<Property Name="DraftEntityType" Type="Edm.String" MaxLength="30" sap:display-format="UpperCase" sap:label="Draft Entity ID"/>
				<Property Name="PrincipalDraftEntity" Type="Edm.String" MaxLength="30" sap:display-format="UpperCase" sap:label="Draft Entity ID"/>
				<Property Name="PrincipalDraftKey" Type="Edm.Guid" sap:label="Draft (Technical ID)"/>
				<Property Name="CreationDateTime" Type="Edm.DateTimeOffset" Precision="7" sap:label="Draft Created On"/>
				<Property Name="CreatedByUser" Type="Edm.String" MaxLength="12" sap:display-format="UpperCase" sap:text="CreatedByUserDescription" sap:label="Draft Created By"/>
				<Property Name="LastChangeDateTime" Type="Edm.DateTimeOffset" Precision="7" sap:label="Draft Last Changed On"/>
				<Property Name="LastChangedByUser" Type="Edm.String" MaxLength="12" sap:display-format="UpperCase" sap:text="LastChangedByUserDescription" sap:label="Draft Last Changed By"/>
				<Property Name="DraftAccessType" Type="Edm.String" MaxLength="1" sap:display-format="UpperCase" sap:label="Draft Access Type"/>
			</EntityType>
			<EntityType Name="I_LanguageType" sap:label="Language" sap:content-version="1">
				<Key>
					<PropertyRef Name="Language"/>
				</Key>
				<Property Name="Language" Type="Edm.String" Nullable="false" MaxLength="2" sap:text="Language_Text" sap:label="Language Key"/>
				<Property Name="Language_Text" Type="Edm.String" MaxLength="16" sap:label="Name" sap:quickinfo="Name of Language" sap:creatable="false" sap:updatable="false"/>
				<Property Name="LanguageISOCode" Type="Edm.String" MaxLength="2" sap:display-format="UpperCase" sap:label="Lang. (ISO 639)" sap:quickinfo="2-Character SAP Language Code"/>
			</EntityType>


			<EntityType Name="SEPMRA_I_StockAvailabilityType" sap:label="Product Stock Availability" sap:content-version="1">
				<Key>
					<PropertyRef Name="StockAvailability"/>
				</Key>
				<Property Name="StockAvailability" Type="Edm.Byte" Nullable="false" sap:text="StockAvailability_Text" sap:label="Availability" sap:quickinfo="Classification of max. available quantity in stock"/>
				<Property Name="StockAvailability_Text" Type="Edm.String" MaxLength="60" sap:display-format="UpperCase" sap:label="Availability" sap:quickinfo="Stock Availability Level Text" sap:creatable="false" sap:updatable="false"/>
			</EntityType>


			<EntityType Name="STTA_C_MP_ProductType" sap:label="Product" sap:content-version="1">
				<Key>
					<PropertyRef Name="Product"/>
					<PropertyRef Name="DraftUUID"/>
					<PropertyRef Name="IsActiveEntity"/>
				</Key>
				<Property Name="Activation_ac" Type="Edm.Boolean" sap:label="Dyn. Action Control" sap:creatable="false" sap:updatable="false" sap:sortable="false" sap:filterable="false"/>
				<Property Name="Copy_ac" Type="Edm.Boolean" sap:label="Dyn. Action Control" sap:creatable="false" sap:updatable="false" sap:sortable="false" sap:filterable="false"/>
				<Property Name="Copy_new_supplier_ac" Type="Edm.Boolean" sap:label="Dyn. Action Control" sap:creatable="false" sap:updatable="false" sap:sortable="false" sap:filterable="false"/>
				<Property Name="Create_review_post_ac" Type="Edm.Boolean" sap:label="Dyn. Action Control" sap:creatable="false" sap:updatable="false" sap:sortable="false" sap:filterable="false"/>
				<Property Name="Delete_ext_ac" Type="Edm.Boolean" sap:label="Dyn. Action Control" sap:creatable="false" sap:updatable="false" sap:sortable="false" sap:filterable="false"/>
				<Property Name="Edit_ac" Type="Edm.Boolean" sap:label="Dyn. Action Control" sap:creatable="false" sap:updatable="false" sap:sortable="false" sap:filterable="false"/>
				<Property Name="Favorites_add_ac" Type="Edm.Boolean" sap:label="Dyn. Action Control" sap:creatable="false" sap:updatable="false" sap:sortable="false" sap:filterable="false"/>
				<Property Name="Favorites_remove_ac" Type="Edm.Boolean" sap:label="Dyn. Action Control" sap:creatable="false" sap:updatable="false" sap:sortable="false" sap:filterable="false"/>
				<Property Name="Favorites_toggle_ac" Type="Edm.Boolean" sap:label="Dyn. Action Control" sap:creatable="false" sap:updatable="false" sap:sortable="false" sap:filterable="false"/>
				<Property Name="Mycart_add_ac" Type="Edm.Boolean" sap:label="Dyn. Action Control" sap:creatable="false" sap:updatable="false" sap:sortable="false" sap:filterable="false"/>
				<Property Name="Preparation_ac" Type="Edm.Boolean" sap:label="Dyn. Action Control" sap:creatable="false" sap:updatable="false" sap:sortable="false" sap:filterable="false"/>
				<Property Name="Validation_ac" Type="Edm.Boolean" sap:label="Dyn. Action Control" sap:creatable="false" sap:updatable="false" sap:sortable="false" sap:filterable="false"/>
				<Property Name="ProductForEdit_fc" Type="Edm.Byte" sap:label="Dyn. Field Control" sap:creatable="false" sap:updatable="false" sap:sortable="false" sap:filterable="false"/>
				<Property Name="Delete_mc" Type="Edm.Boolean" sap:label="Dyn. Method Control" sap:creatable="false" sap:updatable="false" sap:sortable="false" sap:filterable="false"/>
				<Property Name="Update_mc" Type="Edm.Boolean" sap:label="Dyn. Method Control" sap:creatable="false" sap:updatable="false" sap:sortable="false" sap:filterable="false"/>
				<Property Name="Product" Type="Edm.String" Nullable="false" MaxLength="10" sap:display-format="UpperCase" sap:label="Product" sap:quickinfo="Product ID" sap:creatable="false" sap:updatable="false"/>
				<Property Name="Width" Type="Edm.Decimal" Precision="13" Scale="3" sap:unit="DimensionUnit" sap:label="Product Width" sap:quickinfo="EPM: Width"/>
				<Property Name="Depth" Type="Edm.Decimal" Precision="13" Scale="3" sap:unit="DimensionUnit" sap:label="Product Depth" sap:quickinfo="EPM: Depth"/>
				<Property Name="DimensionUnit" Type="Edm.String" MaxLength="3" sap:text="to_DimensionUnit/UnitOfMeasure_Text" sap:label="Dimension Unit" sap:quickinfo="EPM: Dimension Unit" sap:value-list="standard" sap:semantics="unit-of-measure"/>
				<Property Name="ProductValueAddedTax" Type="Edm.Byte" sap:text="to_ProductValueAddedTax/ProductValueAddedTax_Text" sap:label="Tax Tariff Code" sap:quickinfo="EPM: Product Tax Tariff Code" sap:value-list="standard"/>
				<Property Name="Supplier" Type="Edm.String" MaxLength="10" sap:display-format="UpperCase" sap:text="to_Supplier/CompanyName" sap:label="Supplier" sap:quickinfo="Supplier ID" sap:value-list="standard"/>
				<Property Name="ProductBaseUnit" Type="Edm.String" MaxLength="3" sap:text="to_ProductBaseUnit/UnitOfMeasure_Text" sap:label="Base Unit" sap:quickinfo="Base Unit of Measurement for Product Quantities" sap:value-list="standard" sap:semantics="unit-of-measure"/>
				<Property Name="Weight" Type="Edm.Decimal" Precision="13" Scale="3" sap:unit="WeightUnit" sap:label="Weight" sap:quickinfo="EPM: Weight Measure"/>
				<Property Name="WeightUnit" Type="Edm.String" MaxLength="3" sap:text="to_WeightUnit/UnitOfMeasure_Text" sap:label="Weight Unit" sap:value-list="standard" sap:semantics="unit-of-measure"/>
				<Property Name="OriginalLanguage" Type="Edm.String" MaxLength="2" sap:text="to_OriginalLanguage/Language_Text" sap:label="Original Language" sap:creatable="false" sap:updatable="false" sap:value-list="standard"/>
				<Property Name="Name" Type="Edm.String" MaxLength="255" sap:label="Name" sap:quickinfo="Product Name" sap:creatable="false" sap:updatable="false"/>
				<Property Name="ProductForEdit" Type="Edm.String" MaxLength="10" sap:display-format="UpperCase" sap:field-control="ProductForEdit_fc" sap:text="Name" sap:label="Product" sap:quickinfo="Product ID"/>
				<Property Name="ProductPictureURL" Type="Edm.String" MaxLength="255" sap:display-format="UpperCase" sap:label="Image" sap:quickinfo="Image of the product" sap:creatable="false" sap:updatable="false"/>
				<Property Name="ProductType" Type="Edm.String" MaxLength="2" sap:display-format="UpperCase" sap:text="to_ProductType/ProductType_Text" sap:label="Product Type Code" sap:quickinfo="EPM: Product Type Code" sap:value-list="standard"/>
				<Property Name="ProductCategory" Type="Edm.String" MaxLength="40" sap:label="Sub-Category" sap:quickinfo="Product Sub-Category" sap:value-list="standard"/>
				<Property Name="MainProductCategory" Type="Edm.String" MaxLength="40" sap:label="Category" sap:quickinfo="Product Category"/>
				<Property Name="Price" Type="Edm.Decimal" Precision="16" Scale="3" sap:unit="Currency" sap:label="Price per Unit" sap:quickinfo="Fiori Reference Apps: Product Unit Price"/>
				<Property Name="Currency" Type="Edm.String" MaxLength="5" sap:text="to_Currency/Currency_Text" sap:label="Currency" sap:value-list="standard" sap:semantics="currency-code"/>
				<Property Name="Height" Type="Edm.Decimal" Precision="13" Scale="3" sap:unit="DimensionUnit" sap:label="Product Height" sap:quickinfo="EPM: Height"/>
				<Property Name="DraftUUID" Type="Edm.Guid" Nullable="false" sap:label="Key"/>
				<Property Name="DraftEntityCreationDateTime" Type="Edm.DateTimeOffset" Precision="7" sap:label="Draft Created On"/>
				<Property Name="DraftEntityLastChangeDateTime" Type="Edm.DateTimeOffset" Precision="7" sap:label="Draft Last Changed On"/>
				<Property Name="HasActiveEntity" Type="Edm.Boolean" sap:display-format="UpperCase" sap:label="Has active" sap:sortable="false"/>
				<Property Name="HasDraftEntity" Type="Edm.Boolean" sap:display-format="UpperCase" sap:label="Has Draft" sap:sortable="false"/>
				<Property Name="IsActiveEntity" Type="Edm.Boolean" Nullable="false" sap:display-format="UpperCase" sap:label="Is active" sap:sortable="false"/>
				<NavigationProperty Name="DraftAdministrativeData" Relationship="STTA_PROD_MAN.assoc_A1A1B47C7CDCA02F276D9B933931A575" FromRole="FromRole_assoc_A1A1B47C7CDCA02F276D9B933931A575" ToRole="ToRole_assoc_A1A1B47C7CDCA02F276D9B933931A575"/>
				<NavigationProperty Name="SiblingEntity" Relationship="STTA_PROD_MAN.assoc_CA7FD133E64D1F4D6EF2AC596869E06C" FromRole="FromRole_assoc_CA7FD133E64D1F4D6EF2AC596869E06C" ToRole="ToRole_assoc_CA7FD133E64D1F4D6EF2AC596869E06C"/>
				<NavigationProperty Name="to_AllEmployeeContacts" Relationship="STTA_PROD_MAN.assoc_610BFD11C6811495F2433BC9322E1D51" FromRole="FromRole_assoc_610BFD11C6811495F2433BC9322E1D51" ToRole="ToRole_assoc_610BFD11C6811495F2433BC9322E1D51"/>
				<NavigationProperty Name="to_Currency" Relationship="STTA_PROD_MAN.assoc_F3DD99926035C571B73B274081F04C45" FromRole="FromRole_assoc_F3DD99926035C571B73B274081F04C45" ToRole="ToRole_assoc_F3DD99926035C571B73B274081F04C45"/>
				<NavigationProperty Name="to_CurrencyValueHelp" Relationship="STTA_PROD_MAN.assoc_13A156C01D358634B2F7918B58868BD3" FromRole="FromRole_assoc_13A156C01D358634B2F7918B58868BD3" ToRole="ToRole_assoc_13A156C01D358634B2F7918B58868BD3"/>
				<NavigationProperty Name="to_DimensionUnit" Relationship="STTA_PROD_MAN.assoc_D4F09154B261CA1A3AE13E8E8C828413" FromRole="FromRole_assoc_D4F09154B261CA1A3AE13E8E8C828413" ToRole="ToRole_assoc_D4F09154B261CA1A3AE13E8E8C828413"/>
				<NavigationProperty Name="to_OriginalLanguage" Relationship="STTA_PROD_MAN.assoc_6FB396892FC799505FC1B25B77C3F75F" FromRole="FromRole_assoc_6FB396892FC799505FC1B25B77C3F75F" ToRole="ToRole_assoc_6FB396892FC799505FC1B25B77C3F75F"/>
				<NavigationProperty Name="to_ProductBaseUnit" Relationship="STTA_PROD_MAN.assoc_1CFBA454D6776235AC82D5D484CD805C" FromRole="FromRole_assoc_1CFBA454D6776235AC82D5D484CD805C" ToRole="ToRole_assoc_1CFBA454D6776235AC82D5D484CD805C"/>
				<NavigationProperty Name="to_ProductCategory" Relationship="STTA_PROD_MAN.assoc_C6F576663EDC3F4628CF5A6F395C3B75" FromRole="FromRole_assoc_C6F576663EDC3F4628CF5A6F395C3B75" ToRole="ToRole_assoc_C6F576663EDC3F4628CF5A6F395C3B75"/>
				<NavigationProperty Name="to_ProductRating" Relationship="STTA_PROD_MAN.assoc_3ADC8AD54A52550A025764118149474E" FromRole="FromRole_assoc_3ADC8AD54A52550A025764118149474E" ToRole="ToRole_assoc_3ADC8AD54A52550A025764118149474E"/>
				<NavigationProperty Name="to_ProductSalesData" Relationship="STTA_PROD_MAN.assoc_F65FF65AEC969EDA1D9AE6136D8AFE58" FromRole="FromRole_assoc_F65FF65AEC969EDA1D9AE6136D8AFE58" ToRole="ToRole_assoc_F65FF65AEC969EDA1D9AE6136D8AFE58"/>
				<NavigationProperty Name="to_ProductSalesPrice" Relationship="STTA_PROD_MAN.assoc_4E3EB3446A2D46F7FCF8A58E2D775119" FromRole="FromRole_assoc_4E3EB3446A2D46F7FCF8A58E2D775119" ToRole="ToRole_assoc_4E3EB3446A2D46F7FCF8A58E2D775119"/>
				<NavigationProperty Name="to_ProductSalesRevenue" Relationship="STTA_PROD_MAN.assoc_15DA0CFD832A1E190B495F23A05F696C" FromRole="FromRole_assoc_15DA0CFD832A1E190B495F23A05F696C" ToRole="ToRole_assoc_15DA0CFD832A1E190B495F23A05F696C"/>
				<NavigationProperty Name="to_ProductText" Relationship="STTA_PROD_MAN.assoc_60FC9E64EF14221419561505B7CED3DA" FromRole="FromRole_assoc_60FC9E64EF14221419561505B7CED3DA" ToRole="ToRole_assoc_60FC9E64EF14221419561505B7CED3DA"/>
				<NavigationProperty Name="to_ProductTextInCurrentLang" Relationship="STTA_PROD_MAN.assoc_5EB7FA3F5F36B711285268B730AF6BA3" FromRole="FromRole_assoc_5EB7FA3F5F36B711285268B730AF6BA3" ToRole="ToRole_assoc_5EB7FA3F5F36B711285268B730AF6BA3"/>
				<NavigationProperty Name="to_ProductTextInOriginalLang" Relationship="STTA_PROD_MAN.assoc_25D3EEED88D4FD467E28B88E3DC78FAF" FromRole="FromRole_assoc_25D3EEED88D4FD467E28B88E3DC78FAF" ToRole="ToRole_assoc_25D3EEED88D4FD467E28B88E3DC78FAF"/>
				<NavigationProperty Name="to_ProductType" Relationship="STTA_PROD_MAN.assoc_592F7BDD7E35D2779C06351F29B3C4BA" FromRole="FromRole_assoc_592F7BDD7E35D2779C06351F29B3C4BA" ToRole="ToRole_assoc_592F7BDD7E35D2779C06351F29B3C4BA"/>
				<NavigationProperty Name="to_ProductValueAddedTax" Relationship="STTA_PROD_MAN.assoc_1D09D0A10D3F3FCBFF63F9A620758DFD" FromRole="FromRole_assoc_1D09D0A10D3F3FCBFF63F9A620758DFD" ToRole="ToRole_assoc_1D09D0A10D3F3FCBFF63F9A620758DFD"/>
				<NavigationProperty Name="to_StockAvailability" Relationship="STTA_PROD_MAN.assoc_8B0F205EC5CB4210B0D720F1988F4D9B" FromRole="FromRole_assoc_8B0F205EC5CB4210B0D720F1988F4D9B" ToRole="ToRole_assoc_8B0F205EC5CB4210B0D720F1988F4D9B"/>
				<NavigationProperty Name="to_Supplier" Relationship="STTA_PROD_MAN.assoc_2CCAF987BA334B3BD1DF2404F50BC9C5" FromRole="FromRole_assoc_2CCAF987BA334B3BD1DF2404F50BC9C5" ToRole="ToRole_assoc_2CCAF987BA334B3BD1DF2404F50BC9C5"/>
				<NavigationProperty Name="to_WeightUnit" Relationship="STTA_PROD_MAN.assoc_13AE2FE382BBC1CCFFFD5DF57B135E6A" FromRole="FromRole_assoc_13AE2FE382BBC1CCFFFD5DF57B135E6A" ToRole="ToRole_assoc_13AE2FE382BBC1CCFFFD5DF57B135E6A"/>
			</EntityType>
			<EntityType Name="STTA_C_MP_ProductRatingType" sap:label="Product Rating" sap:content-version="1">
				<Key>
					<PropertyRef Name="Product"/>
				</Key>
				<Property Name="Product" Type="Edm.String" Nullable="false" MaxLength="10" sap:display-format="UpperCase" sap:label="Product ID"/>
				<Property Name="Rating" Type="Edm.Decimal" Precision="4" Scale="2" sap:label="Rating" sap:quickinfo="EPM: Review Rating"/>
				<Property Name="AverageRating" Type="Edm.Decimal" Precision="4" Scale="2" sap:label="Average Rating" sap:quickinfo="EPM: Review Rating"/>
				<Property Name="ReviewCount" Type="Edm.Int32" sap:label="Review Count" sap:quickinfo="EPM: Number of Reviews"/>
				<Property Name="MaxRating" Type="Edm.Decimal" Precision="4" Scale="2" sap:label="Maximum Rating" sap:quickinfo="EPM: Review Rating"/>
				<Property Name="Updatable" Type="Edm.Boolean" sap:display-format="UpperCase" sap:label="Updatable" sap:quickinfo="Boolean Variable (X=True, -=False, Space=Unknown)"/>
				<Property Name="Deletable" Type="Edm.Boolean" sap:display-format="UpperCase" sap:label="Deletable" sap:quickinfo="Boolean Variable (X=True, -=False, Space=Unknown)"/>
			</EntityType>
			<EntityType Name="STTA_C_MP_ProductSalesDataType" sap:semantics="aggregate" sap:label="Product Sales Data" sap:content-version="1">
				<Key>
					<PropertyRef Name="ID"/>
				</Key>
				<Property Name="ID" Type="Edm.String" Nullable="false" sap:sortable="false" sap:filterable="false"/>
				<Property Name="Product" Type="Edm.String" MaxLength="10" sap:aggregation-role="dimension" sap:display-format="UpperCase" sap:label="Product" sap:quickinfo="Product ID"/>
				<Property Name="DeliveryDateTime" Type="Edm.DateTime" Precision="0" sap:aggregation-role="dimension" sap:display-format="Date" sap:label="Delivery Date"/>
				<Property Name="DeliveryYear" Type="Edm.String" MaxLength="4" sap:aggregation-role="dimension" sap:display-format="NonNegative" sap:label="Delivery Year" sap:quickinfo="Delivery Calendar Year"/>
				<Property Name="DeliveryMonth" Type="Edm.String" MaxLength="2" sap:aggregation-role="dimension" sap:display-format="NonNegative" sap:text="DeliveryMonth_Text" sap:label="Delivery Month" sap:quickinfo="Delivery Calendar Month"/>
				<Property Name="DeliveryMonth_Text" Type="Edm.String" MaxLength="10" sap:aggregation-role="dimension" sap:label="Month Name" sap:creatable="false" sap:updatable="false"/>
				<Property Name="Revenue" Type="Edm.Decimal" Precision="16" Scale="3" sap:aggregation-role="measure" sap:unit="Currency" sap:filterable="false"/>
				<Property Name="Currency" Type="Edm.String" MaxLength="5" sap:aggregation-role="dimension" sap:text="to_Currency/Currency_Text" sap:label="Currency" sap:value-list="standard" sap:semantics="currency-code"/>
				<Property Name="Quantity" Type="Edm.Decimal" Precision="13" Scale="3" sap:aggregation-role="measure" sap:unit="QuantityUnit" sap:filterable="false"/>
				<Property Name="QuantityUnit" Type="Edm.String" MaxLength="3" sap:aggregation-role="dimension" sap:text="to_QuantityUnit/UnitOfMeasure_Text" sap:label="Quantity Unit" sap:value-list="standard" sap:semantics="unit-of-measure"/>
				<NavigationProperty Name="to_Currency" Relationship="STTA_PROD_MAN.assoc_6D52161C1362D99A31996E5BB23202E8" FromRole="FromRole_assoc_6D52161C1362D99A31996E5BB23202E8" ToRole="ToRole_assoc_6D52161C1362D99A31996E5BB23202E8"/>
				<NavigationProperty Name="to_MonthName" Relationship="STTA_PROD_MAN.assoc_7813F0C767A0934C9ECF058BA4708A46" FromRole="FromRole_assoc_7813F0C767A0934C9ECF058BA4708A46" ToRole="ToRole_assoc_7813F0C767A0934C9ECF058BA4708A46"/>
				<NavigationProperty Name="to_QuantityUnit" Relationship="STTA_PROD_MAN.assoc_C3B2D7DEBAC48566312365F668AC26C4" FromRole="FromRole_assoc_C3B2D7DEBAC48566312365F668AC26C4" ToRole="ToRole_assoc_C3B2D7DEBAC48566312365F668AC26C4"/>
			</EntityType>
			<EntityType Name="STTA_C_MP_ProductSalesPriceType" sap:label="Product Sales Price" sap:content-version="1">
				<Key>
					<PropertyRef Name="Product"/>
					<PropertyRef Name="PriceDay"/>
				</Key>
				<Property Name="Product" Type="Edm.String" Nullable="false" MaxLength="10" sap:display-format="UpperCase" sap:label="Product" sap:quickinfo="Product ID"/>
				<Property Name="DiscountPriceTarget" Type="Edm.Int32" sap:label="Discount Target Price" sap:quickinfo="Integer Value"/>
				<Property Name="DiscDeviationLowerBoundPrice" Type="Edm.Int32" sap:label="Discount Deviation Lower Bound Price" sap:quickinfo="Integer Value"/>
				<Property Name="DiscDeviationUpperBoundPrice" Type="Edm.Int32" sap:label="Discount Deviation Upper Bound Price" sap:quickinfo="Integer Value"/>
				<Property Name="DiscToleranceLowerBoundPrice" Type="Edm.Int32" sap:label="Discount Tolerance Lower Bound Price" sap:quickinfo="Integer Value"/>
				<Property Name="DiscToleranceUpperBoundPrice" Type="Edm.Int32" sap:label="Discount Tolerance Upper Bound Price" sap:quickinfo="Integer Value"/>
				<Property Name="Currency" Type="Edm.String" MaxLength="5" sap:label="Currency" sap:semantics="currency-code"/>
				<Property Name="PriceDay" Type="Edm.Int32" Nullable="false" sap:label="Day" sap:quickinfo="Integer Value"/>
				<Property Name="AreaChartPrice" Type="Edm.Int32" sap:label="Sales Price" sap:quickinfo="Integer Value"/>
				<Property Name="TargetPrice" Type="Edm.Int32" sap:label="Target Price" sap:quickinfo="Integer Value"/>
				<Property Name="DeviationLowerBoundPrice" Type="Edm.Int32" sap:label="Deviation Lower Bound Price" sap:quickinfo="Integer Value"/>
				<Property Name="DeviationUpperBoundPrice" Type="Edm.Int32" sap:label="Deviation Upper Bound Price" sap:quickinfo="Integer Value"/>
				<Property Name="ToleranceLowerBoundPrice" Type="Edm.Int32" sap:label="Tolerance Lower Bound Price" sap:quickinfo="Integer Value"/>
				<Property Name="ToleranceUpperBoundPrice" Type="Edm.Int32" sap:label="Tolerance Upper Bound Price" sap:quickinfo="Integer Value"/>
				<Property Name="AreaChartDCPrice" Type="Edm.Int32" sap:label="Discount Sales Price" sap:quickinfo="Integer Value"/>
			</EntityType>
			<EntityType Name="STTA_C_MP_ProductSalesRevenueType" sap:label="Product Sales Revenue" sap:content-version="1">
				<Key>
					<PropertyRef Name="Product"/>
				</Key>
				<Property Name="Product" Type="Edm.String" Nullable="false" MaxLength="10" sap:display-format="UpperCase" sap:label="Product" sap:quickinfo="Product ID"/>
				<Property Name="Criticality" Type="Edm.String" MaxLength="10" sap:label="Criticality"/>
				<Property Name="NetCriticality" Type="Edm.String" MaxLength="10" sap:label="Criticality"/>
				<Property Name="DeviationRangeLow" Type="Edm.Int32" sap:label="Deviation Range Low" sap:quickinfo="Integer Value"/>
				<Property Name="ToleranceRangeLow" Type="Edm.Int32" sap:label="Deviation Range Low" sap:quickinfo="Integer Value"/>
				<Property Name="ToleranceRangeHigh" Type="Edm.Int32" sap:label="Tolerance Range High" sap:quickinfo="Integer Value"/>
				<Property Name="DeviationRangeHigh" Type="Edm.Int32" sap:label="Deviation Range High" sap:quickinfo="Integer Value"/>
				<Property Name="Currency" Type="Edm.String" MaxLength="5" sap:label="Currency" sap:semantics="currency-code"/>
				<Property Name="BulletChartRevenue" Type="Edm.Decimal" Precision="16" Scale="3" sap:label="Gross Sales Revenue" sap:quickinfo="EPM: Product Unit Price"/>
				<Property Name="BulletChartNetRevenue" Type="Edm.Decimal" Precision="16" Scale="3" sap:label="Net Sales Revenue" sap:quickinfo="EPM: Product Unit Price"/>
				<Property Name="TargetRevenue" Type="Edm.Decimal" Precision="16" Scale="3" sap:label="Target Revenue" sap:quickinfo="EPM: Product Unit Price"/>
				<Property Name="NetTargetRevenue" Type="Edm.Decimal" Precision="16" Scale="3" sap:label="Net Target Revenue" sap:quickinfo="EPM: Product Unit Price"/>
				<Property Name="ForecastRevenue" Type="Edm.Decimal" Precision="16" Scale="3" sap:label="Forecast Revenue" sap:quickinfo="EPM: Product Unit Price"/>
				<Property Name="NetForecastRevenue" Type="Edm.Decimal" Precision="16" Scale="3" sap:label="Net Forecast Revenue" sap:quickinfo="EPM: Product Unit Price"/>
				<Property Name="MinimumValue" Type="Edm.Int32" sap:label="Minimum Revenue" sap:quickinfo="EPM: Number of Reviews"/>
				<Property Name="MaximumValue" Type="Edm.Int32" sap:label="Maximum Revenue" sap:quickinfo="EPM: Number of Reviews"/>
			</EntityType>
			<EntityType Name="STTA_C_MP_ProductTextType" sap:label="Product Text" sap:content-version="1">
				<Key>
					<PropertyRef Name="Product"/>
					<PropertyRef Name="Language"/>
					<PropertyRef Name="DraftUUID"/>
					<PropertyRef Name="IsActiveEntity"/>
				</Key>
				<Property Name="Preparation_ac" Type="Edm.Boolean" sap:label="Dyn. Action Control" sap:creatable="false" sap:updatable="false" sap:sortable="false" sap:filterable="false"/>
				<Property Name="Validation_ac" Type="Edm.Boolean" sap:label="Dyn. Action Control" sap:creatable="false" sap:updatable="false" sap:sortable="false" sap:filterable="false"/>
				<Property Name="LanguageForEdit_fc" Type="Edm.Byte" sap:label="Dyn. Field Control" sap:creatable="false" sap:updatable="false" sap:sortable="false" sap:filterable="false"/>
				<Property Name="Delete_mc" Type="Edm.Boolean" sap:label="Dyn. Method Control" sap:creatable="false" sap:updatable="false" sap:sortable="false" sap:filterable="false"/>
				<Property Name="Product" Type="Edm.String" Nullable="false" MaxLength="10" sap:display-format="UpperCase" sap:text="Name" sap:label="Product" sap:quickinfo="Product ID" sap:creatable="false" sap:updatable="false" sap:value-list="standard"/>
				<Property Name="Language" Type="Edm.String" Nullable="false" MaxLength="2" sap:label="Language" sap:creatable="false" sap:updatable="false"/>
				<Property Name="LanguageForEdit" Type="Edm.String" MaxLength="2" sap:field-control="LanguageForEdit_fc" sap:text="to_Language/Language_Text" sap:label="Language" sap:value-list="standard"/>
				<Property Name="Name" Type="Edm.String" MaxLength="255" sap:label="Name" sap:quickinfo="Product Name"/>
				<Property Name="Description" Type="Edm.String" MaxLength="255" sap:label="Description" sap:quickinfo="Product Description"/>
				<Property Name="DraftUUID" Type="Edm.Guid" Nullable="false" sap:label="Key"/>
				<Property Name="DraftEntityCreationDateTime" Type="Edm.DateTimeOffset" Precision="7" sap:label="Draft Created On"/>
				<Property Name="DraftEntityLastChangeDateTime" Type="Edm.DateTimeOffset" Precision="7" sap:label="Draft Last Changed On"/>
				<Property Name="ParentDraftUUID" Type="Edm.Guid" sap:label="Key" sap:sortable="false" sap:filterable="false"/>
				<Property Name="HasActiveEntity" Type="Edm.Boolean" sap:display-format="UpperCase" sap:label="Has active" sap:sortable="false"/>
				<Property Name="HasDraftEntity" Type="Edm.Boolean" sap:display-format="UpperCase" sap:label="Has Draft" sap:sortable="false"/>
				<Property Name="IsActiveEntity" Type="Edm.Boolean" Nullable="false" sap:display-format="UpperCase" sap:label="Is active" sap:sortable="false"/>
				<NavigationProperty Name="to_Product" Relationship="STTA_PROD_MAN.assoc_60FC9E64EF14221419561505B7CED3DA" FromRole="ToRole_assoc_60FC9E64EF14221419561505B7CED3DA" ToRole="FromRole_assoc_60FC9E64EF14221419561505B7CED3DA"/>
				<NavigationProperty Name="DraftAdministrativeData" Relationship="STTA_PROD_MAN.assoc_131B7A7F5D8DBFE72DFFFCD85F85790B" FromRole="FromRole_assoc_131B7A7F5D8DBFE72DFFFCD85F85790B" ToRole="ToRole_assoc_131B7A7F5D8DBFE72DFFFCD85F85790B"/>
				<NavigationProperty Name="SiblingEntity" Relationship="STTA_PROD_MAN.assoc_94BE833F7529004F3C7B247B0E21F936" FromRole="FromRole_assoc_94BE833F7529004F3C7B247B0E21F936" ToRole="ToRole_assoc_94BE833F7529004F3C7B247B0E21F936"/>
				<NavigationProperty Name="to_Language" Relationship="STTA_PROD_MAN.assoc_BB75D199DF66689C71B2451B6096BF61" FromRole="FromRole_assoc_BB75D199DF66689C71B2451B6096BF61" ToRole="ToRole_assoc_BB75D199DF66689C71B2451B6096BF61"/>
				<NavigationProperty Name="to_ProductSalesPrice" Relationship="STTA_PROD_MAN.assoc_A0043ADEF34167E6E27121130D3B59DC" FromRole="FromRole_assoc_A0043ADEF34167E6E27121130D3B59DC" ToRole="ToRole_assoc_A0043ADEF34167E6E27121130D3B59DC"/>
				<NavigationProperty Name="to_ProductSalesRevenue" Relationship="STTA_PROD_MAN.assoc_866A1EBC61C05B9DEAF71867351B1A11" FromRole="FromRole_assoc_866A1EBC61C05B9DEAF71867351B1A11" ToRole="ToRole_assoc_866A1EBC61C05B9DEAF71867351B1A11"/>
			</EntityType>
			<EntityType Name="STTA_C_MP_StockAvailabilityType" sap:label="Product Stock availability" sap:content-version="1">
				<Key>
					<PropertyRef Name="Product"/>
				</Key>
				<Property Name="Product" Type="Edm.String" Nullable="false" MaxLength="10" sap:display-format="UpperCase" sap:label="Product" sap:quickinfo="Product ID" sap:creatable="false" sap:updatable="false" sap:value-list="standard"/>
				<Property Name="Quantity" Type="Edm.Decimal" Precision="13" Scale="3" sap:unit="QuantityUnit" sap:label="Quantity" sap:quickinfo="EPM: Quantity" sap:creatable="false" sap:updatable="false"/>
				<Property Name="QuantityUnit" Type="Edm.String" MaxLength="3" sap:text="to_QuantityUnit/UnitOfMeasure_Text" sap:label="Quantity Unit" sap:creatable="false" sap:updatable="false" sap:value-list="standard" sap:semantics="unit-of-measure"/>
				<Property Name="StockAvailability" Type="Edm.Byte" sap:text="to_StockAvailability/StockAvailability_Text" sap:label="Availability" sap:quickinfo="Classification of max. available quantity in stock" sap:creatable="false" sap:updatable="false" sap:value-list="standard"/>
				<NavigationProperty Name="to_Product" Relationship="STTA_PROD_MAN.assoc_08ACFD9AF068973DC35CA9455F12989B" FromRole="FromRole_assoc_08ACFD9AF068973DC35CA9455F12989B" ToRole="ToRole_assoc_08ACFD9AF068973DC35CA9455F12989B"/>
				<NavigationProperty Name="to_QuantityUnit" Relationship="STTA_PROD_MAN.assoc_30E97A1817DB91E10E0B409CCC9B2420" FromRole="FromRole_assoc_30E97A1817DB91E10E0B409CCC9B2420" ToRole="ToRole_assoc_30E97A1817DB91E10E0B409CCC9B2420"/>
				<NavigationProperty Name="to_StockAvailability" Relationship="STTA_PROD_MAN.assoc_C5679A67F8C45303F68B08DE9C45BACF" FromRole="FromRole_assoc_C5679A67F8C45303F68B08DE9C45BACF" ToRole="ToRole_assoc_C5679A67F8C45303F68B08DE9C45BACF"/>
			</EntityType>
			<EntityType Name="STTA_C_MP_SupplierType" sap:label="Supplier" sap:content-version="1">
				<Key>
					<PropertyRef Name="Supplier"/>
				</Key>
				<Property Name="Supplier" Type="Edm.String" Nullable="false" MaxLength="10" sap:display-format="UpperCase" sap:text="CompanyName" sap:label="Supplier" sap:quickinfo="Supplier ID" sap:creatable="false" sap:updatable="false"/>
				<Property Name="CompanyName" Type="Edm.String" MaxLength="80" sap:display-format="UpperCase" sap:label="Supplier Name"/>
				<Property Name="EmailAddress" Type="Edm.String" MaxLength="255" sap:label="Email" sap:quickinfo="EPM: E-Mail Address"/>
				<Property Name="FaxNumber" Type="Edm.String" MaxLength="30" sap:display-format="UpperCase" sap:label="Fax" sap:quickinfo="EPM: Fax Number"/>
				<Property Name="PhoneNumber" Type="Edm.String" MaxLength="30" sap:display-format="UpperCase" sap:label="Phone" sap:quickinfo="EPM: Phone Number"/>
				<Property Name="URL" Type="Edm.String" sap:label="Web Address" sap:quickinfo="EPM: Web Address"/>
				<NavigationProperty Name="to_Address" Relationship="STTA_PROD_MAN.assoc_A221B65B414CF2AEED541F62B20ABA7D" FromRole="FromRole_assoc_A221B65B414CF2AEED541F62B20ABA7D" ToRole="ToRole_assoc_A221B65B414CF2AEED541F62B20ABA7D"/>
				<NavigationProperty Name="to_ContactPerson" Relationship="STTA_PROD_MAN.assoc_0D499B904BC470BA6DC52ABBD4B26555" FromRole="FromRole_assoc_0D499B904BC470BA6DC52ABBD4B26555" ToRole="ToRole_assoc_0D499B904BC470BA6DC52ABBD4B26555"/>
				<NavigationProperty Name="to_PrimaryContactPerson" Relationship="STTA_PROD_MAN.assoc_C77BAC6634F075BFCA23B1ECDA5C65B1" FromRole="FromRole_assoc_C77BAC6634F075BFCA23B1ECDA5C65B1" ToRole="ToRole_assoc_C77BAC6634F075BFCA23B1ECDA5C65B1"/>
			</EntityType>
			<ComplexType Name="ValidationFunctionResult">
				<Property Name="IsValid" Type="Edm.Boolean" sap:label="Is valid"/>
			</ComplexType>
			<Association Name="assoc_6D52161C1362D99A31996E5BB23202E8" sap:content-version="1">
				<End Type="STTA_PROD_MAN.STTA_C_MP_ProductSalesDataType" Multiplicity="1" Role="FromRole_assoc_6D52161C1362D99A31996E5BB23202E8"/>
				<End Type="STTA_PROD_MAN.I_CurrencyType" Multiplicity="0..1" Role="ToRole_assoc_6D52161C1362D99A31996E5BB23202E8"/>
			</Association>
			<Association Name="assoc_131B7A7F5D8DBFE72DFFFCD85F85790B" sap:content-version="1">
				<End Type="STTA_PROD_MAN.STTA_C_MP_ProductTextType" Multiplicity="1" Role="FromRole_assoc_131B7A7F5D8DBFE72DFFFCD85F85790B"/>
				<End Type="STTA_PROD_MAN.I_DraftAdministrativeDataType" Multiplicity="0..1" Role="ToRole_assoc_131B7A7F5D8DBFE72DFFFCD85F85790B"/>
			</Association>
			<Association Name="assoc_94BE833F7529004F3C7B247B0E21F936" sap:content-version="1">
				<End Type="STTA_PROD_MAN.STTA_C_MP_ProductTextType" Multiplicity="1" Role="FromRole_assoc_94BE833F7529004F3C7B247B0E21F936"/>
				<End Type="STTA_PROD_MAN.STTA_C_MP_ProductTextType" Multiplicity="0..1" Role="ToRole_assoc_94BE833F7529004F3C7B247B0E21F936"/>
			</Association>
			<Association Name="assoc_A0043ADEF34167E6E27121130D3B59DC" sap:content-version="1">
				<End Type="STTA_PROD_MAN.STTA_C_MP_ProductTextType" Multiplicity="1" Role="FromRole_assoc_A0043ADEF34167E6E27121130D3B59DC"/>
				<End Type="STTA_PROD_MAN.STTA_C_MP_ProductSalesPriceType" Multiplicity="*" Role="ToRole_assoc_A0043ADEF34167E6E27121130D3B59DC"/>
				<ReferentialConstraint>
					<Principal Role="FromRole_assoc_A0043ADEF34167E6E27121130D3B59DC">
						<PropertyRef Name="Product"/>
					</Principal>
					<Dependent Role="ToRole_assoc_A0043ADEF34167E6E27121130D3B59DC">
						<PropertyRef Name="Product"/>
					</Dependent>
				</ReferentialConstraint>
			</Association>
			<Association Name="assoc_866A1EBC61C05B9DEAF71867351B1A11" sap:content-version="1">
				<End Type="STTA_PROD_MAN.STTA_C_MP_ProductTextType" Multiplicity="1" Role="FromRole_assoc_866A1EBC61C05B9DEAF71867351B1A11"/>
				<End Type="STTA_PROD_MAN.STTA_C_MP_ProductSalesRevenueType" Multiplicity="0..1" Role="ToRole_assoc_866A1EBC61C05B9DEAF71867351B1A11"/>
				<ReferentialConstraint>
					<Principal Role="FromRole_assoc_866A1EBC61C05B9DEAF71867351B1A11">
						<PropertyRef Name="Product"/>
					</Principal>
					<Dependent Role="ToRole_assoc_866A1EBC61C05B9DEAF71867351B1A11">
						<PropertyRef Name="Product"/>
					</Dependent>
				</ReferentialConstraint>
			</Association>

			<Association Name="assoc_A1A1B47C7CDCA02F276D9B933931A575" sap:content-version="1">
				<End Type="STTA_PROD_MAN.STTA_C_MP_ProductType" Multiplicity="1" Role="FromRole_assoc_A1A1B47C7CDCA02F276D9B933931A575"/>
				<End Type="STTA_PROD_MAN.I_DraftAdministrativeDataType" Multiplicity="0..1" Role="ToRole_assoc_A1A1B47C7CDCA02F276D9B933931A575"/>
			</Association>
			<Association Name="assoc_CA7FD133E64D1F4D6EF2AC596869E06C" sap:content-version="1">
				<End Type="STTA_PROD_MAN.STTA_C_MP_ProductType" Multiplicity="1" Role="FromRole_assoc_CA7FD133E64D1F4D6EF2AC596869E06C"/>
				<End Type="STTA_PROD_MAN.STTA_C_MP_ProductType" Multiplicity="0..1" Role="ToRole_assoc_CA7FD133E64D1F4D6EF2AC596869E06C"/>
			</Association>

			<Association Name="assoc_6FB396892FC799505FC1B25B77C3F75F" sap:content-version="1">
				<End Type="STTA_PROD_MAN.STTA_C_MP_ProductType" Multiplicity="1" Role="FromRole_assoc_6FB396892FC799505FC1B25B77C3F75F"/>
				<End Type="STTA_PROD_MAN.I_LanguageType" Multiplicity="0..1" Role="ToRole_assoc_6FB396892FC799505FC1B25B77C3F75F"/>
				<ReferentialConstraint>
					<Principal Role="ToRole_assoc_6FB396892FC799505FC1B25B77C3F75F">
						<PropertyRef Name="Language"/>
					</Principal>
					<Dependent Role="FromRole_assoc_6FB396892FC799505FC1B25B77C3F75F">
						<PropertyRef Name="OriginalLanguage"/>
					</Dependent>
				</ReferentialConstraint>
			</Association>
			<Association Name="assoc_3ADC8AD54A52550A025764118149474E" sap:content-version="1">
				<End Type="STTA_PROD_MAN.STTA_C_MP_ProductType" Multiplicity="1" Role="FromRole_assoc_3ADC8AD54A52550A025764118149474E"/>
				<End Type="STTA_PROD_MAN.STTA_C_MP_ProductRatingType" Multiplicity="0..1" Role="ToRole_assoc_3ADC8AD54A52550A025764118149474E"/>
			    <ReferentialConstraint>
			        <Principal Role="FromRole_assoc_3ADC8AD54A52550A025764118149474E">
			            <PropertyRef Name="Product"/>
			        </Principal>
			        <Dependent Role="ToRole_assoc_3ADC8AD54A52550A025764118149474E">
			            <PropertyRef Name="Product"/>
			       </Dependent>
			   </ReferentialConstraint>
			</Association>
			<Association Name="assoc_F65FF65AEC969EDA1D9AE6136D8AFE58" sap:content-version="1">
				<End Type="STTA_PROD_MAN.STTA_C_MP_ProductType" Multiplicity="1" Role="FromRole_assoc_F65FF65AEC969EDA1D9AE6136D8AFE58"/>
				<End Type="STTA_PROD_MAN.STTA_C_MP_ProductSalesDataType" Multiplicity="*" Role="ToRole_assoc_F65FF65AEC969EDA1D9AE6136D8AFE58"/>
			    <ReferentialConstraint>
			        <Principal Role="FromRole_assoc_F65FF65AEC969EDA1D9AE6136D8AFE58">
			            <PropertyRef Name="Product"/>
			        </Principal>
			        <Dependent Role="ToRole_assoc_F65FF65AEC969EDA1D9AE6136D8AFE58">
			            <PropertyRef Name="Product"/>
			       </Dependent>
			   </ReferentialConstraint>
			</Association>
			<Association Name="assoc_4E3EB3446A2D46F7FCF8A58E2D775119" sap:content-version="1">
				<End Type="STTA_PROD_MAN.STTA_C_MP_ProductType" Multiplicity="1" Role="FromRole_assoc_4E3EB3446A2D46F7FCF8A58E2D775119"/>
				<End Type="STTA_PROD_MAN.STTA_C_MP_ProductSalesPriceType" Multiplicity="*" Role="ToRole_assoc_4E3EB3446A2D46F7FCF8A58E2D775119"/>
			    <ReferentialConstraint>
			        <Principal Role="FromRole_assoc_4E3EB3446A2D46F7FCF8A58E2D775119">
			            <PropertyRef Name="Product"/>
			        </Principal>
			        <Dependent Role="ToRole_assoc_4E3EB3446A2D46F7FCF8A58E2D775119">
			            <PropertyRef Name="Product"/>
			       </Dependent>
			   </ReferentialConstraint>
			</Association>
			<Association Name="assoc_15DA0CFD832A1E190B495F23A05F696C" sap:content-version="1">
				<End Type="STTA_PROD_MAN.STTA_C_MP_ProductType" Multiplicity="1" Role="FromRole_assoc_15DA0CFD832A1E190B495F23A05F696C"/>
				<End Type="STTA_PROD_MAN.STTA_C_MP_ProductSalesRevenueType" Multiplicity="0..1" Role="ToRole_assoc_15DA0CFD832A1E190B495F23A05F696C"/>
			    <ReferentialConstraint>
			        <Principal Role="FromRole_assoc_15DA0CFD832A1E190B495F23A05F696C">
			            <PropertyRef Name="Product"/>
			        </Principal>
			        <Dependent Role="ToRole_assoc_15DA0CFD832A1E190B495F23A05F696C">
			            <PropertyRef Name="Product"/>
			       </Dependent>
			   </ReferentialConstraint>
			</Association>
			<Association Name="assoc_60FC9E64EF14221419561505B7CED3DA" sap:content-version="1">
				<End Type="STTA_PROD_MAN.STTA_C_MP_ProductType" Multiplicity="1" Role="FromRole_assoc_60FC9E64EF14221419561505B7CED3DA"/>
				<End Type="STTA_PROD_MAN.STTA_C_MP_ProductTextType" Multiplicity="*" Role="ToRole_assoc_60FC9E64EF14221419561505B7CED3DA"/>
			    <ReferentialConstraint>
			        <Principal Role="FromRole_assoc_60FC9E64EF14221419561505B7CED3DA">
			            <PropertyRef Name="Product"/>
			        </Principal>
			        <Dependent Role="ToRole_assoc_60FC9E64EF14221419561505B7CED3DA">
			            <PropertyRef Name="Product"/>
			       </Dependent>
			   </ReferentialConstraint>
			</Association>
			<Association Name="assoc_5EB7FA3F5F36B711285268B730AF6BA3" sap:content-version="1">
				<End Type="STTA_PROD_MAN.STTA_C_MP_ProductType" Multiplicity="1" Role="FromRole_assoc_5EB7FA3F5F36B711285268B730AF6BA3"/>
				<End Type="STTA_PROD_MAN.STTA_C_MP_ProductTextType" Multiplicity="0..1" Role="ToRole_assoc_5EB7FA3F5F36B711285268B730AF6BA3"/>
			    <ReferentialConstraint>
			        <Principal Role="FromRole_assoc_5EB7FA3F5F36B711285268B730AF6BA3">
			            <PropertyRef Name="Product"/>
			            <PropertyRef Name="Language"/>
			        </Principal>
			        <Dependent Role="ToRole_assoc_5EB7FA3F5F36B711285268B730AF6BA3">
			            <PropertyRef Name="Product"/>
			            <PropertyRef Name="Language"/>
			       </Dependent>
			   </ReferentialConstraint>
			</Association>
			<Association Name="assoc_25D3EEED88D4FD467E28B88E3DC78FAF" sap:content-version="1">
				<End Type="STTA_PROD_MAN.STTA_C_MP_ProductType" Multiplicity="1" Role="FromRole_assoc_25D3EEED88D4FD467E28B88E3DC78FAF"/>
				<End Type="STTA_PROD_MAN.STTA_C_MP_ProductTextType" Multiplicity="0..1" Role="ToRole_assoc_25D3EEED88D4FD467E28B88E3DC78FAF"/>
			    <ReferentialConstraint>
			        <Principal Role="FromRole_assoc_25D3EEED88D4FD467E28B88E3DC78FAF">
			            <PropertyRef Name="Product"/>
			        </Principal>
			        <Dependent Role="ToRole_assoc_25D3EEED88D4FD467E28B88E3DC78FAF">
			            <PropertyRef Name="Product"/>
			       </Dependent>
			   </ReferentialConstraint>
			</Association>


			<Association Name="assoc_8B0F205EC5CB4210B0D720F1988F4D9B" sap:content-version="1">
				<End Type="STTA_PROD_MAN.STTA_C_MP_ProductType" Multiplicity="1" Role="FromRole_assoc_8B0F205EC5CB4210B0D720F1988F4D9B"/>
				<End Type="STTA_PROD_MAN.STTA_C_MP_StockAvailabilityType" Multiplicity="0..1" Role="ToRole_assoc_8B0F205EC5CB4210B0D720F1988F4D9B"/>
				<ReferentialConstraint>
					<Principal Role="FromRole_assoc_8B0F205EC5CB4210B0D720F1988F4D9B">
						<PropertyRef Name="Product"/>
					</Principal>
					<Dependent Role="ToRole_assoc_8B0F205EC5CB4210B0D720F1988F4D9B">
						<PropertyRef Name="Product"/>
					</Dependent>
				</ReferentialConstraint>
			</Association>
			<Association Name="assoc_2CCAF987BA334B3BD1DF2404F50BC9C5" sap:content-version="1">
				<End Type="STTA_PROD_MAN.STTA_C_MP_ProductType" Multiplicity="1" Role="FromRole_assoc_2CCAF987BA334B3BD1DF2404F50BC9C5"/>
				<End Type="STTA_PROD_MAN.STTA_C_MP_SupplierType" Multiplicity="0..1" Role="ToRole_assoc_2CCAF987BA334B3BD1DF2404F50BC9C5"/>
				<ReferentialConstraint>
					<Principal Role="ToRole_assoc_2CCAF987BA334B3BD1DF2404F50BC9C5">
						<PropertyRef Name="Supplier"/>
					</Principal>
					<Dependent Role="FromRole_assoc_2CCAF987BA334B3BD1DF2404F50BC9C5">
						<PropertyRef Name="Supplier"/>
					</Dependent>
				</ReferentialConstraint>
			</Association>

			<Association Name="assoc_08ACFD9AF068973DC35CA9455F12989B" sap:content-version="1">
				<End Type="STTA_PROD_MAN.STTA_C_MP_StockAvailabilityType" Multiplicity="0..1" Role="FromRole_assoc_08ACFD9AF068973DC35CA9455F12989B"/>
				<End Type="STTA_PROD_MAN.STTA_C_MP_ProductType" Multiplicity="1" Role="ToRole_assoc_08ACFD9AF068973DC35CA9455F12989B"/>
				<ReferentialConstraint>
					<Principal Role="ToRole_assoc_08ACFD9AF068973DC35CA9455F12989B">
						<PropertyRef Name="Product"/>
					</Principal>
					<Dependent Role="FromRole_assoc_08ACFD9AF068973DC35CA9455F12989B">
						<PropertyRef Name="Product"/>
					</Dependent>
				</ReferentialConstraint>
			</Association>

			<Association Name="assoc_C5679A67F8C45303F68B08DE9C45BACF" sap:content-version="1">
				<End Type="STTA_PROD_MAN.STTA_C_MP_StockAvailabilityType" Multiplicity="1" Role="FromRole_assoc_C5679A67F8C45303F68B08DE9C45BACF"/>
				<End Type="STTA_PROD_MAN.SEPMRA_I_StockAvailabilityType" Multiplicity="0..1" Role="ToRole_assoc_C5679A67F8C45303F68B08DE9C45BACF"/>
				<ReferentialConstraint>
					<Principal Role="ToRole_assoc_C5679A67F8C45303F68B08DE9C45BACF">
						<PropertyRef Name="StockAvailability"/>
					</Principal>
					<Dependent Role="FromRole_assoc_C5679A67F8C45303F68B08DE9C45BACF">
						<PropertyRef Name="StockAvailability"/>
					</Dependent>
				</ReferentialConstraint>
			</Association>

			<EntityContainer Name="STTA_PROD_MAN_Entities" m:IsDefaultEntityContainer="true" sap:supported-formats="atom json xlsx">
				<EntitySet Name="I_Currency" EntityType="STTA_PROD_MAN.I_CurrencyType" sap:creatable="false" sap:updatable="false" sap:deletable="false" sap:searchable="true" sap:content-version="1"/>
				<EntitySet Name="I_DraftAdministrativeData" EntityType="STTA_PROD_MAN.I_DraftAdministrativeDataType" sap:creatable="false" sap:updatable="false" sap:deletable="false" sap:searchable="true" sap:content-version="1"/>
				<EntitySet Name="I_Language" EntityType="STTA_PROD_MAN.I_LanguageType" sap:creatable="false" sap:updatable="false" sap:deletable="false" sap:searchable="true" sap:content-version="1"/>
				<EntitySet Name="SEPMRA_I_StockAvailability" EntityType="STTA_PROD_MAN.SEPMRA_I_StockAvailabilityType" sap:creatable="false" sap:updatable="false" sap:deletable="false" sap:content-version="1"/>
				<EntitySet Name="STTA_C_MP_Product" EntityType="STTA_PROD_MAN.STTA_C_MP_ProductType" sap:searchable="true" sap:content-version="1" sap:deletable-path="Delete_mc" sap:updatable-path="Update_mc"/>
				<EntitySet Name="STTA_C_MP_ProductRating" EntityType="STTA_PROD_MAN.STTA_C_MP_ProductRatingType" sap:creatable="false" sap:updatable="false" sap:deletable="false" sap:content-version="1"/>
				<EntitySet Name="STTA_C_MP_ProductSalesData" EntityType="STTA_PROD_MAN.STTA_C_MP_ProductSalesDataType" sap:creatable="false" sap:updatable="false" sap:deletable="false" sap:content-version="1"/>
				<EntitySet Name="STTA_C_MP_ProductSalesPrice" EntityType="STTA_PROD_MAN.STTA_C_MP_ProductSalesPriceType" sap:creatable="false" sap:updatable="false" sap:deletable="false" sap:content-version="1"/>
				<EntitySet Name="STTA_C_MP_ProductSalesRevenue" EntityType="STTA_PROD_MAN.STTA_C_MP_ProductSalesRevenueType" sap:creatable="false" sap:updatable="false" sap:deletable="false" sap:content-version="1"/>
				<EntitySet Name="STTA_C_MP_ProductText" EntityType="STTA_PROD_MAN.STTA_C_MP_ProductTextType" sap:searchable="true" sap:content-version="1" sap:deletable-path="Delete_mc"/>
				<EntitySet Name="STTA_C_MP_StockAvailability" EntityType="STTA_PROD_MAN.STTA_C_MP_StockAvailabilityType" sap:creatable="false" sap:updatable="false" sap:deletable="false" sap:content-version="1"/>
				<EntitySet Name="STTA_C_MP_Supplier" EntityType="STTA_PROD_MAN.STTA_C_MP_SupplierType" sap:creatable="false" sap:updatable="false" sap:deletable="false" sap:searchable="true" sap:content-version="1"/>
				<AssociationSet Name="assoc_94BE833F7529004F3C7B247B0E21F936" Association="STTA_PROD_MAN.assoc_94BE833F7529004F3C7B247B0E21F936" sap:creatable="false" sap:updatable="false" sap:deletable="false" sap:content-version="1">
					<End EntitySet="STTA_C_MP_ProductText" Role="FromRole_assoc_94BE833F7529004F3C7B247B0E21F936"/>
					<End EntitySet="STTA_C_MP_ProductText" Role="ToRole_assoc_94BE833F7529004F3C7B247B0E21F936"/>
				</AssociationSet>
				<AssociationSet Name="assoc_3ADC8AD54A52550A025764118149474E" Association="STTA_PROD_MAN.assoc_3ADC8AD54A52550A025764118149474E" sap:creatable="false" sap:updatable="false" sap:deletable="false" sap:content-version="1">
					<End EntitySet="STTA_C_MP_Product" Role="FromRole_assoc_3ADC8AD54A52550A025764118149474E"/>
					<End EntitySet="STTA_C_MP_ProductRating" Role="ToRole_assoc_3ADC8AD54A52550A025764118149474E"/>
				</AssociationSet>

				<AssociationSet Name="assoc_15DA0CFD832A1E190B495F23A05F696C" Association="STTA_PROD_MAN.assoc_15DA0CFD832A1E190B495F23A05F696C" sap:creatable="false" sap:updatable="false" sap:deletable="false" sap:content-version="1">
					<End EntitySet="STTA_C_MP_Product" Role="FromRole_assoc_15DA0CFD832A1E190B495F23A05F696C"/>
					<End EntitySet="STTA_C_MP_ProductSalesRevenue" Role="ToRole_assoc_15DA0CFD832A1E190B495F23A05F696C"/>
				</AssociationSet>
				<AssociationSet Name="assoc_8B0F205EC5CB4210B0D720F1988F4D9B" Association="STTA_PROD_MAN.assoc_8B0F205EC5CB4210B0D720F1988F4D9B" sap:creatable="false" sap:updatable="false" sap:deletable="false" sap:content-version="1">
					<End EntitySet="STTA_C_MP_Product" Role="FromRole_assoc_8B0F205EC5CB4210B0D720F1988F4D9B"/>
					<End EntitySet="STTA_C_MP_StockAvailability" Role="ToRole_assoc_8B0F205EC5CB4210B0D720F1988F4D9B"/>
				</AssociationSet>
				<AssociationSet Name="assoc_1D09D0A10D3F3FCBFF63F9A620758DFD" Association="STTA_PROD_MAN.assoc_1D09D0A10D3F3FCBFF63F9A620758DFD" sap:creatable="false" sap:updatable="false" sap:deletable="false" sap:content-version="1">
					<End EntitySet="STTA_C_MP_Product" Role="FromRole_assoc_1D09D0A10D3F3FCBFF63F9A620758DFD"/>
					<End EntitySet="SEPM_I_ProductValueAddedTax" Role="ToRole_assoc_1D09D0A10D3F3FCBFF63F9A620758DFD"/>
				</AssociationSet>
				<AssociationSet Name="assoc_BB75D199DF66689C71B2451B6096BF61" Association="STTA_PROD_MAN.assoc_BB75D199DF66689C71B2451B6096BF61" sap:creatable="false" sap:updatable="false" sap:deletable="false" sap:content-version="1">
					<End EntitySet="STTA_C_MP_ProductText" Role="FromRole_assoc_BB75D199DF66689C71B2451B6096BF61"/>
					<End EntitySet="I_Language" Role="ToRole_assoc_BB75D199DF66689C71B2451B6096BF61"/>
				</AssociationSet>
				<AssociationSet Name="assoc_1CFBA454D6776235AC82D5D484CD805C" Association="STTA_PROD_MAN.assoc_1CFBA454D6776235AC82D5D484CD805C" sap:creatable="false" sap:updatable="false" sap:deletable="false" sap:content-version="1">
					<End EntitySet="STTA_C_MP_Product" Role="FromRole_assoc_1CFBA454D6776235AC82D5D484CD805C"/>
					<End EntitySet="SEPMRA_I_QuantityUnit" Role="ToRole_assoc_1CFBA454D6776235AC82D5D484CD805C"/>
				</AssociationSet>
				<AssociationSet Name="assoc_2CCAF987BA334B3BD1DF2404F50BC9C5" Association="STTA_PROD_MAN.assoc_2CCAF987BA334B3BD1DF2404F50BC9C5" sap:creatable="false" sap:updatable="false" sap:deletable="false" sap:content-version="1">
					<End EntitySet="STTA_C_MP_Product" Role="FromRole_assoc_2CCAF987BA334B3BD1DF2404F50BC9C5"/>
					<End EntitySet="STTA_C_MP_Supplier" Role="ToRole_assoc_2CCAF987BA334B3BD1DF2404F50BC9C5"/>
				</AssociationSet>
				<AssociationSet Name="assoc_5EB7FA3F5F36B711285268B730AF6BA3" Association="STTA_PROD_MAN.assoc_5EB7FA3F5F36B711285268B730AF6BA3" sap:creatable="false" sap:updatable="false" sap:deletable="false" sap:content-version="1">
					<End EntitySet="STTA_C_MP_Product" Role="FromRole_assoc_5EB7FA3F5F36B711285268B730AF6BA3"/>
					<End EntitySet="STTA_C_MP_ProductText" Role="ToRole_assoc_5EB7FA3F5F36B711285268B730AF6BA3"/>
				</AssociationSet>
				<AssociationSet Name="assoc_A0043ADEF34167E6E27121130D3B59DC" Association="STTA_PROD_MAN.assoc_A0043ADEF34167E6E27121130D3B59DC" sap:creatable="false" sap:updatable="false" sap:deletable="false" sap:content-version="1">
					<End EntitySet="STTA_C_MP_ProductText" Role="FromRole_assoc_A0043ADEF34167E6E27121130D3B59DC"/>
					<End EntitySet="STTA_C_MP_ProductSalesPrice" Role="ToRole_assoc_A0043ADEF34167E6E27121130D3B59DC"/>
				</AssociationSet>
				<AssociationSet Name="assoc_60FC9E64EF14221419561505B7CED3DA" Association="STTA_PROD_MAN.assoc_60FC9E64EF14221419561505B7CED3DA" sap:creatable="false" sap:updatable="false" sap:deletable="false" sap:content-version="1">
					<End EntitySet="STTA_C_MP_Product" Role="FromRole_assoc_60FC9E64EF14221419561505B7CED3DA"/>
					<End EntitySet="STTA_C_MP_ProductText" Role="ToRole_assoc_60FC9E64EF14221419561505B7CED3DA"/>
				</AssociationSet>
				<AssociationSet Name="assoc_13A156C01D358634B2F7918B58868BD3" Association="STTA_PROD_MAN.assoc_13A156C01D358634B2F7918B58868BD3" sap:creatable="false" sap:updatable="false" sap:deletable="false" sap:content-version="1">
					<End EntitySet="STTA_C_MP_Product" Role="FromRole_assoc_13A156C01D358634B2F7918B58868BD3"/>
					<End EntitySet="SEPMRA_C_CurrencyValueHelp" Role="ToRole_assoc_13A156C01D358634B2F7918B58868BD3"/>
				</AssociationSet>
				<AssociationSet Name="assoc_F3DD99926035C571B73B274081F04C45" Association="STTA_PROD_MAN.assoc_F3DD99926035C571B73B274081F04C45" sap:creatable="false" sap:updatable="false" sap:deletable="false" sap:content-version="1">
					<End EntitySet="STTA_C_MP_Product" Role="FromRole_assoc_F3DD99926035C571B73B274081F04C45"/>
					<End EntitySet="I_Currency" Role="ToRole_assoc_F3DD99926035C571B73B274081F04C45"/>
				</AssociationSet>
				<AssociationSet Name="assoc_AC31DA71D04046692D7A32E33A959187" Association="STTA_PROD_MAN.assoc_AC31DA71D04046692D7A32E33A959187" sap:creatable="false" sap:updatable="false" sap:deletable="false" sap:content-version="1">
					<End EntitySet="SEPMRA_I_ContactPerson" Role="FromRole_assoc_AC31DA71D04046692D7A32E33A959187"/>
					<End EntitySet="I_Language" Role="ToRole_assoc_AC31DA71D04046692D7A32E33A959187"/>
				</AssociationSet>
				<AssociationSet Name="assoc_592F7BDD7E35D2779C06351F29B3C4BA" Association="STTA_PROD_MAN.assoc_592F7BDD7E35D2779C06351F29B3C4BA" sap:creatable="false" sap:updatable="false" sap:deletable="false" sap:content-version="1">
					<End EntitySet="STTA_C_MP_Product" Role="FromRole_assoc_592F7BDD7E35D2779C06351F29B3C4BA"/>
					<End EntitySet="SEPM_I_ProductType" Role="ToRole_assoc_592F7BDD7E35D2779C06351F29B3C4BA"/>
				</AssociationSet>
				<AssociationSet Name="assoc_C77BAC6634F075BFCA23B1ECDA5C65B1" Association="STTA_PROD_MAN.assoc_C77BAC6634F075BFCA23B1ECDA5C65B1" sap:creatable="false" sap:updatable="false" sap:deletable="false" sap:content-version="1">
					<End EntitySet="STTA_C_MP_Supplier" Role="FromRole_assoc_C77BAC6634F075BFCA23B1ECDA5C65B1"/>
					<End EntitySet="SEPMRA_I_SupplierContactPerson" Role="ToRole_assoc_C77BAC6634F075BFCA23B1ECDA5C65B1"/>
				</AssociationSet>
				<AssociationSet Name="assoc_E533E59EC8F77897B25326F25D768FBA" Association="STTA_PROD_MAN.assoc_E533E59EC8F77897B25326F25D768FBA" sap:creatable="false" sap:updatable="false" sap:deletable="false" sap:content-version="1">
					<End EntitySet="SEPMRA_I_ContactPerson" Role="FromRole_assoc_E533E59EC8F77897B25326F25D768FBA"/>
					<End EntitySet="SEPMRA_I_Address" Role="ToRole_assoc_E533E59EC8F77897B25326F25D768FBA"/>
				</AssociationSet>
				<AssociationSet Name="assoc_C3B2D7DEBAC48566312365F668AC26C4" Association="STTA_PROD_MAN.assoc_C3B2D7DEBAC48566312365F668AC26C4" sap:creatable="false" sap:updatable="false" sap:deletable="false" sap:content-version="1">
					<End EntitySet="STTA_C_MP_ProductSalesData" Role="FromRole_assoc_C3B2D7DEBAC48566312365F668AC26C4"/>
					<End EntitySet="SEPMRA_I_QuantityUnit" Role="ToRole_assoc_C3B2D7DEBAC48566312365F668AC26C4"/>
				</AssociationSet>
				<AssociationSet Name="assoc_7E7B0A0C8B5C13EA9F1539058CD60B89" Association="STTA_PROD_MAN.assoc_7E7B0A0C8B5C13EA9F1539058CD60B89" sap:creatable="false" sap:updatable="false" sap:deletable="false" sap:content-version="1">
					<End EntitySet="SEPMRA_I_ProductMainCategory" Role="FromRole_assoc_7E7B0A0C8B5C13EA9F1539058CD60B89"/>
					<End EntitySet="SEPMRA_I_ProductCategory" Role="ToRole_assoc_7E7B0A0C8B5C13EA9F1539058CD60B89"/>
				</AssociationSet>
				<AssociationSet Name="assoc_6FB396892FC799505FC1B25B77C3F75F" Association="STTA_PROD_MAN.assoc_6FB396892FC799505FC1B25B77C3F75F" sap:creatable="false" sap:updatable="false" sap:deletable="false" sap:content-version="1">
					<End EntitySet="STTA_C_MP_Product" Role="FromRole_assoc_6FB396892FC799505FC1B25B77C3F75F"/>
					<End EntitySet="I_Language" Role="ToRole_assoc_6FB396892FC799505FC1B25B77C3F75F"/>
				</AssociationSet>
				<AssociationSet Name="assoc_30E97A1817DB91E10E0B409CCC9B2420" Association="STTA_PROD_MAN.assoc_30E97A1817DB91E10E0B409CCC9B2420" sap:creatable="false" sap:updatable="false" sap:deletable="false" sap:content-version="1">
					<End EntitySet="STTA_C_MP_StockAvailability" Role="FromRole_assoc_30E97A1817DB91E10E0B409CCC9B2420"/>
					<End EntitySet="SEPMRA_I_QuantityUnit" Role="ToRole_assoc_30E97A1817DB91E10E0B409CCC9B2420"/>
				</AssociationSet>
				<AssociationSet Name="assoc_13AE2FE382BBC1CCFFFD5DF57B135E6A" Association="STTA_PROD_MAN.assoc_13AE2FE382BBC1CCFFFD5DF57B135E6A" sap:creatable="false" sap:updatable="false" sap:deletable="false" sap:content-version="1">
					<End EntitySet="STTA_C_MP_Product" Role="FromRole_assoc_13AE2FE382BBC1CCFFFD5DF57B135E6A"/>
					<End EntitySet="SEPMRA_I_WeightUnit" Role="ToRole_assoc_13AE2FE382BBC1CCFFFD5DF57B135E6A"/>
				</AssociationSet>
				<AssociationSet Name="assoc_08ACFD9AF068973DC35CA9455F12989B" Association="STTA_PROD_MAN.assoc_08ACFD9AF068973DC35CA9455F12989B" sap:creatable="false" sap:updatable="false" sap:deletable="false" sap:content-version="1">
					<End EntitySet="STTA_C_MP_StockAvailability" Role="FromRole_assoc_08ACFD9AF068973DC35CA9455F12989B"/>
					<End EntitySet="STTA_C_MP_Product" Role="ToRole_assoc_08ACFD9AF068973DC35CA9455F12989B"/>
				</AssociationSet>
				<AssociationSet Name="assoc_866A1EBC61C05B9DEAF71867351B1A11" Association="STTA_PROD_MAN.assoc_866A1EBC61C05B9DEAF71867351B1A11" sap:creatable="false" sap:updatable="false" sap:deletable="false" sap:content-version="1">
					<End EntitySet="STTA_C_MP_ProductText" Role="FromRole_assoc_866A1EBC61C05B9DEAF71867351B1A11"/>
					<End EntitySet="STTA_C_MP_ProductSalesRevenue" Role="ToRole_assoc_866A1EBC61C05B9DEAF71867351B1A11"/>
				</AssociationSet>
				<AssociationSet Name="assoc_0D499B904BC470BA6DC52ABBD4B26555" Association="STTA_PROD_MAN.assoc_0D499B904BC470BA6DC52ABBD4B26555" sap:creatable="false" sap:updatable="false" sap:deletable="false" sap:content-version="1">
					<End EntitySet="STTA_C_MP_Supplier" Role="FromRole_assoc_0D499B904BC470BA6DC52ABBD4B26555"/>
					<End EntitySet="SEPMRA_I_SupplierContactPerson" Role="ToRole_assoc_0D499B904BC470BA6DC52ABBD4B26555"/>
				</AssociationSet>
				<AssociationSet Name="assoc_4E3EB3446A2D46F7FCF8A58E2D775119" Association="STTA_PROD_MAN.assoc_4E3EB3446A2D46F7FCF8A58E2D775119" sap:creatable="false" sap:updatable="false" sap:deletable="false" sap:content-version="1">
					<End EntitySet="STTA_C_MP_Product" Role="FromRole_assoc_4E3EB3446A2D46F7FCF8A58E2D775119"/>
					<End EntitySet="STTA_C_MP_ProductSalesPrice" Role="ToRole_assoc_4E3EB3446A2D46F7FCF8A58E2D775119"/>
				</AssociationSet>
				<AssociationSet Name="assoc_25D3EEED88D4FD467E28B88E3DC78FAF" Association="STTA_PROD_MAN.assoc_25D3EEED88D4FD467E28B88E3DC78FAF" sap:creatable="false" sap:updatable="false" sap:deletable="false" sap:content-version="1">
					<End EntitySet="STTA_C_MP_Product" Role="FromRole_assoc_25D3EEED88D4FD467E28B88E3DC78FAF"/>
					<End EntitySet="STTA_C_MP_ProductText" Role="ToRole_assoc_25D3EEED88D4FD467E28B88E3DC78FAF"/>
				</AssociationSet>
				<AssociationSet Name="assoc_610BFD11C6811495F2433BC9322E1D51" Association="STTA_PROD_MAN.assoc_610BFD11C6811495F2433BC9322E1D51" sap:creatable="false" sap:updatable="false" sap:deletable="false" sap:content-version="1">
					<End EntitySet="STTA_C_MP_Product" Role="FromRole_assoc_610BFD11C6811495F2433BC9322E1D51"/>
					<End EntitySet="SEPMRA_I_Employee" Role="ToRole_assoc_610BFD11C6811495F2433BC9322E1D51"/>
				</AssociationSet>
				<AssociationSet Name="assoc_CA7FD133E64D1F4D6EF2AC596869E06C" Association="STTA_PROD_MAN.assoc_CA7FD133E64D1F4D6EF2AC596869E06C" sap:creatable="false" sap:updatable="false" sap:deletable="false" sap:content-version="1">
					<End EntitySet="STTA_C_MP_Product" Role="FromRole_assoc_CA7FD133E64D1F4D6EF2AC596869E06C"/>
					<End EntitySet="STTA_C_MP_Product" Role="ToRole_assoc_CA7FD133E64D1F4D6EF2AC596869E06C"/>
				</AssociationSet>
				<AssociationSet Name="assoc_A221B65B414CF2AEED541F62B20ABA7D" Association="STTA_PROD_MAN.assoc_A221B65B414CF2AEED541F62B20ABA7D" sap:creatable="false" sap:updatable="false" sap:deletable="false" sap:content-version="1">
					<End EntitySet="STTA_C_MP_Supplier" Role="FromRole_assoc_A221B65B414CF2AEED541F62B20ABA7D"/>
					<End EntitySet="SEPMRA_I_Address" Role="ToRole_assoc_A221B65B414CF2AEED541F62B20ABA7D"/>
				</AssociationSet>
				<AssociationSet Name="assoc_D4F09154B261CA1A3AE13E8E8C828413" Association="STTA_PROD_MAN.assoc_D4F09154B261CA1A3AE13E8E8C828413" sap:creatable="false" sap:updatable="false" sap:deletable="false" sap:content-version="1">
					<End EntitySet="STTA_C_MP_Product" Role="FromRole_assoc_D4F09154B261CA1A3AE13E8E8C828413"/>
					<End EntitySet="SEPMRA_I_DimensionUnit" Role="ToRole_assoc_D4F09154B261CA1A3AE13E8E8C828413"/>
				</AssociationSet>
				<AssociationSet Name="assoc_C5679A67F8C45303F68B08DE9C45BACF" Association="STTA_PROD_MAN.assoc_C5679A67F8C45303F68B08DE9C45BACF" sap:creatable="false" sap:updatable="false" sap:deletable="false" sap:content-version="1">
					<End EntitySet="STTA_C_MP_StockAvailability" Role="FromRole_assoc_C5679A67F8C45303F68B08DE9C45BACF"/>
					<End EntitySet="SEPMRA_I_StockAvailability" Role="ToRole_assoc_C5679A67F8C45303F68B08DE9C45BACF"/>
				</AssociationSet>
				<AssociationSet Name="assoc_131B7A7F5D8DBFE72DFFFCD85F85790B" Association="STTA_PROD_MAN.assoc_131B7A7F5D8DBFE72DFFFCD85F85790B" sap:creatable="false" sap:updatable="false" sap:deletable="false" sap:content-version="1">
					<End EntitySet="STTA_C_MP_ProductText" Role="FromRole_assoc_131B7A7F5D8DBFE72DFFFCD85F85790B"/>
					<End EntitySet="I_DraftAdministrativeData" Role="ToRole_assoc_131B7A7F5D8DBFE72DFFFCD85F85790B"/>
				</AssociationSet>
				<AssociationSet Name="assoc_6D52161C1362D99A31996E5BB23202E8" Association="STTA_PROD_MAN.assoc_6D52161C1362D99A31996E5BB23202E8" sap:creatable="false" sap:updatable="false" sap:deletable="false" sap:content-version="1">
					<End EntitySet="STTA_C_MP_ProductSalesData" Role="FromRole_assoc_6D52161C1362D99A31996E5BB23202E8"/>
					<End EntitySet="I_Currency" Role="ToRole_assoc_6D52161C1362D99A31996E5BB23202E8"/>
				</AssociationSet>
				<AssociationSet Name="assoc_C6F576663EDC3F4628CF5A6F395C3B75" Association="STTA_PROD_MAN.assoc_C6F576663EDC3F4628CF5A6F395C3B75" sap:creatable="false" sap:updatable="false" sap:deletable="false" sap:content-version="1">
					<End EntitySet="STTA_C_MP_Product" Role="FromRole_assoc_C6F576663EDC3F4628CF5A6F395C3B75"/>
					<End EntitySet="SEPMRA_I_ProductCategory" Role="ToRole_assoc_C6F576663EDC3F4628CF5A6F395C3B75"/>
				</AssociationSet>
				<AssociationSet Name="assoc_F65FF65AEC969EDA1D9AE6136D8AFE58" Association="STTA_PROD_MAN.assoc_F65FF65AEC969EDA1D9AE6136D8AFE58" sap:creatable="false" sap:updatable="false" sap:deletable="false" sap:content-version="1">
					<End EntitySet="STTA_C_MP_Product" Role="FromRole_assoc_F65FF65AEC969EDA1D9AE6136D8AFE58"/>
					<End EntitySet="STTA_C_MP_ProductSalesData" Role="ToRole_assoc_F65FF65AEC969EDA1D9AE6136D8AFE58"/>
				</AssociationSet>
				<AssociationSet Name="assoc_A1A1B47C7CDCA02F276D9B933931A575" Association="STTA_PROD_MAN.assoc_A1A1B47C7CDCA02F276D9B933931A575" sap:creatable="false" sap:updatable="false" sap:deletable="false" sap:content-version="1">
					<End EntitySet="STTA_C_MP_Product" Role="FromRole_assoc_A1A1B47C7CDCA02F276D9B933931A575"/>
					<End EntitySet="I_DraftAdministrativeData" Role="ToRole_assoc_A1A1B47C7CDCA02F276D9B933931A575"/>
				</AssociationSet>

			</EntityContainer>
			<Annotations xmlns="http://docs.oasis-open.org/odata/ns/edm" Target="STTA_PROD_MAN.STTA_C_MP_ProductType/DimensionUnit">
				<Annotation Term="Common.FieldControl" EnumMember="Common.FieldControlType/Mandatory"/>
				<Annotation Term="Common.ValueList">
					<Record>
						<PropertyValue Property="Label" String="Dimension Unit"/>
						<PropertyValue Property="CollectionPath" String="SEPMRA_I_DimensionUnit"/>
						<PropertyValue Property="SearchSupported" Bool="true"/>
						<PropertyValue Property="Parameters">
							<Collection>
								<Record Type="Common.ValueListParameterInOut">
									<PropertyValue Property="LocalDataProperty" PropertyPath="DimensionUnit"/>
									<PropertyValue Property="ValueListProperty" String="UnitOfMeasure"/>
								</Record>
								<Record Type="Common.ValueListParameterDisplayOnly">
									<PropertyValue Property="ValueListProperty" String="UnitOfMeasure_Text"/>
								</Record>
							</Collection>
						</PropertyValue>
					</Record>
				</Annotation>
			</Annotations>
			<Annotations xmlns="http://docs.oasis-open.org/odata/ns/edm" Target="STTA_PROD_MAN.STTA_C_MP_ProductType/ProductValueAddedTax">
				<Annotation Term="Common.FieldControl" EnumMember="Common.FieldControlType/Mandatory"/>
				<Annotation Term="Common.ValueList">
					<Record>
						<PropertyValue Property="Label" String="EPM Demo: Product Value Added Tax"/>
						<PropertyValue Property="CollectionPath" String="SEPM_I_ProductValueAddedTax"/>
						<PropertyValue Property="SearchSupported" Bool="false"/>
						<PropertyValue Property="Parameters">
							<Collection>
								<Record Type="Common.ValueListParameterInOut">
									<PropertyValue Property="LocalDataProperty" PropertyPath="ProductValueAddedTax"/>
									<PropertyValue Property="ValueListProperty" String="ProductValueAddedTax"/>
								</Record>
								<Record Type="Common.ValueListParameterDisplayOnly">
									<PropertyValue Property="ValueListProperty" String="ProductValueAddedTax_Text"/>
								</Record>
							</Collection>
						</PropertyValue>
					</Record>
				</Annotation>
			</Annotations>
			<Annotations xmlns="http://docs.oasis-open.org/odata/ns/edm" Target="STTA_PROD_MAN.STTA_C_MP_ProductType/Supplier">
				<Annotation Term="Common.FieldControl" EnumMember="Common.FieldControlType/Mandatory"/>
				<Annotation Term="Common.ValueList">
					<Record>
						<PropertyValue Property="Label" String="Supplier"/>
						<PropertyValue Property="CollectionPath" String="STTA_C_MP_Supplier"/>
						<PropertyValue Property="SearchSupported" Bool="true"/>
						<PropertyValue Property="Parameters">
							<Collection>
								<Record Type="Common.ValueListParameterInOut">
									<PropertyValue Property="LocalDataProperty" PropertyPath="Supplier"/>
									<PropertyValue Property="ValueListProperty" String="Supplier"/>
								</Record>
								<Record Type="Common.ValueListParameterDisplayOnly">
									<PropertyValue Property="ValueListProperty" String="CompanyName"/>
								</Record>
								<Record Type="Common.ValueListParameterDisplayOnly">
									<PropertyValue Property="ValueListProperty" String="EmailAddress"/>
								</Record>
								<Record Type="Common.ValueListParameterDisplayOnly">
									<PropertyValue Property="ValueListProperty" String="FaxNumber"/>
								</Record>
								<Record Type="Common.ValueListParameterDisplayOnly">
									<PropertyValue Property="ValueListProperty" String="PhoneNumber"/>
								</Record>
								<Record Type="Common.ValueListParameterDisplayOnly">
									<PropertyValue Property="ValueListProperty" String="URL"/>
								</Record>
								<Record Type="Common.ValueListParameterDisplayOnly">
									<PropertyValue Property="ValueListProperty" String="AddressUUID"/>
								</Record>
							</Collection>
						</PropertyValue>
					</Record>
				</Annotation>
			</Annotations>
			<Annotations xmlns="http://docs.oasis-open.org/odata/ns/edm" Target="STTA_PROD_MAN.STTA_C_MP_ProductType/ProductBaseUnit">
				<Annotation Term="Common.FieldControl" EnumMember="Common.FieldControlType/Mandatory"/>
				<Annotation Term="Common.ValueList">
					<Record>
						<PropertyValue Property="Label" String="Quantity Unit"/>
						<PropertyValue Property="CollectionPath" String="SEPMRA_I_QuantityUnit"/>
						<PropertyValue Property="SearchSupported" Bool="true"/>
						<PropertyValue Property="Parameters">
							<Collection>
								<Record Type="Common.ValueListParameterInOut">
									<PropertyValue Property="LocalDataProperty" PropertyPath="ProductBaseUnit"/>
									<PropertyValue Property="ValueListProperty" String="UnitOfMeasure"/>
								</Record>
								<Record Type="Common.ValueListParameterDisplayOnly">
									<PropertyValue Property="ValueListProperty" String="UnitOfMeasure_Text"/>
								</Record>
							</Collection>
						</PropertyValue>
					</Record>
				</Annotation>
			</Annotations>
			<Annotations xmlns="http://docs.oasis-open.org/odata/ns/edm" Target="STTA_PROD_MAN.STTA_C_MP_ProductType/WeightUnit">
				<Annotation Term="Common.FieldControl" EnumMember="Common.FieldControlType/Mandatory"/>
				<Annotation Term="Common.ValueList">
					<Record>
						<PropertyValue Property="Label" String="Weight Unit"/>
						<PropertyValue Property="CollectionPath" String="SEPMRA_I_WeightUnit"/>
						<PropertyValue Property="SearchSupported" Bool="true"/>
						<PropertyValue Property="Parameters">
							<Collection>
								<Record Type="Common.ValueListParameterInOut">
									<PropertyValue Property="LocalDataProperty" PropertyPath="WeightUnit"/>
									<PropertyValue Property="ValueListProperty" String="UnitOfMeasure"/>
								</Record>
								<Record Type="Common.ValueListParameterDisplayOnly">
									<PropertyValue Property="ValueListProperty" String="UnitOfMeasure_Text"/>
								</Record>
							</Collection>
						</PropertyValue>
					</Record>
				</Annotation>
			</Annotations>
			<Annotations xmlns="http://docs.oasis-open.org/odata/ns/edm" Target="STTA_PROD_MAN.STTA_C_MP_ProductType/Name">
				<Annotation Term="Common.FieldControl" EnumMember="Common.FieldControlType/Mandatory"/>
			</Annotations>
			<Annotations xmlns="http://docs.oasis-open.org/odata/ns/edm" Target="STTA_PROD_MAN.STTA_C_MP_ProductType/ProductType">
				<Annotation Term="Common.FieldControl" EnumMember="Common.FieldControlType/Mandatory"/>
				<Annotation Term="Common.ValueList">
					<Record>
						<PropertyValue Property="Label" String="EPM Demo: Product Type"/>
						<PropertyValue Property="CollectionPath" String="SEPM_I_ProductType"/>
						<PropertyValue Property="SearchSupported" Bool="false"/>
						<PropertyValue Property="Parameters">
							<Collection>
								<Record Type="Common.ValueListParameterInOut">
									<PropertyValue Property="LocalDataProperty" PropertyPath="ProductType"/>
									<PropertyValue Property="ValueListProperty" String="ProductType"/>
								</Record>
								<Record Type="Common.ValueListParameterDisplayOnly">
									<PropertyValue Property="ValueListProperty" String="ProductType_Text"/>
								</Record>
							</Collection>
						</PropertyValue>
					</Record>
				</Annotation>
			</Annotations>
			<Annotations xmlns="http://docs.oasis-open.org/odata/ns/edm" Target="STTA_PROD_MAN.STTA_C_MP_ProductType/ProductCategory">
				<Annotation Term="Common.FieldControl" EnumMember="Common.FieldControlType/Mandatory"/>
				<Annotation Term="Common.ValueList">
					<Record>
						<PropertyValue Property="Label" String="Sub-Category"/>
						<PropertyValue Property="CollectionPath" String="SEPMRA_I_ProductCategory"/>
						<PropertyValue Property="SearchSupported" Bool="true"/>
						<PropertyValue Property="Parameters">
							<Collection>
								<Record Type="Common.ValueListParameterInOut">
									<PropertyValue Property="LocalDataProperty" PropertyPath="ProductCategory"/>
									<PropertyValue Property="ValueListProperty" String="ProductCategory"/>
								</Record>
							</Collection>
						</PropertyValue>
					</Record>
				</Annotation>
			</Annotations>
			<Annotations xmlns="http://docs.oasis-open.org/odata/ns/edm" Target="STTA_PROD_MAN.STTA_C_MP_ProductType/MainProductCategory">
				<Annotation Term="Common.FieldControl" EnumMember="Common.FieldControlType/Mandatory"/>
			</Annotations>
			<Annotations xmlns="http://docs.oasis-open.org/odata/ns/edm" Target="STTA_PROD_MAN.STTA_C_MP_ProductType/Currency">
				<Annotation Term="Common.FieldControl" EnumMember="Common.FieldControlType/Mandatory"/>
				<Annotation Term="Common.ValueList">
					<Record>
						<PropertyValue Property="Label" String="Currency"/>
						<PropertyValue Property="CollectionPath" String="SEPMRA_C_CurrencyValueHelp"/>
						<PropertyValue Property="SearchSupported" Bool="true"/>
						<PropertyValue Property="Parameters">
							<Collection>
								<Record Type="Common.ValueListParameterInOut">
									<PropertyValue Property="LocalDataProperty" PropertyPath="Currency"/>
									<PropertyValue Property="ValueListProperty" String="Currency"/>
								</Record>
								<Record Type="Common.ValueListParameterDisplayOnly">
									<PropertyValue Property="ValueListProperty" String="Currency_Text"/>
								</Record>
							</Collection>
						</PropertyValue>
					</Record>
				</Annotation>
			</Annotations>
			<Annotations xmlns="http://docs.oasis-open.org/odata/ns/edm" Target="STTA_PROD_MAN.STTA_PROD_MAN_Entities">
				<Annotation Term="Common.ApplyMultiUnitBehaviorForSortingAndFiltering"/>
			</Annotations>
			<Annotations xmlns="http://docs.oasis-open.org/odata/ns/edm" Target="STTA_PROD_MAN.STTA_C_MP_ProductSalesPriceType/Currency">
				<Annotation Term="Common.FieldControl" EnumMember="Common.FieldControlType/Mandatory"/>
			</Annotations>
			<Annotations xmlns="http://docs.oasis-open.org/odata/ns/edm" Target="STTA_PROD_MAN.STTA_C_MP_ProductSalesRevenueType/Currency">
				<Annotation Term="Common.FieldControl" EnumMember="Common.FieldControlType/Mandatory"/>
			</Annotations>
			<Annotations xmlns="http://docs.oasis-open.org/odata/ns/edm" Target="STTA_PROD_MAN.STTA_C_MP_ProductTextType/Name">
				<Annotation Term="Common.FieldControl" EnumMember="Common.FieldControlType/Mandatory"/>
			</Annotations>
			<Annotations xmlns="http://docs.oasis-open.org/odata/ns/edm" Target="STTA_PROD_MAN.STTA_C_MP_ProductTextType/Description">
				<Annotation Term="Common.FieldControl" EnumMember="Common.FieldControlType/Mandatory"/>
			</Annotations>
			<Annotations xmlns="http://docs.oasis-open.org/odata/ns/edm" Target="STTA_PROD_MAN.STTA_PROD_MAN_Entities/STTA_C_MP_Product">
				<Annotation Term="Common.DraftRoot">
					<Record>
						<PropertyValue Property="ActivationAction" String="STTA_PROD_MAN.STTA_PROD_MAN_Entities/STTA_C_MP_ProductActivation"/>
						<PropertyValue Property="EditAction" String="STTA_PROD_MAN.STTA_PROD_MAN_Entities/STTA_C_MP_ProductEdit"/>
						<PropertyValue Property="PreparationAction" String="STTA_PROD_MAN.STTA_PROD_MAN_Entities/STTA_C_MP_ProductPreparation"/>
						<PropertyValue Property="ValidationFunction" String="STTA_PROD_MAN.STTA_PROD_MAN_Entities/STTA_C_MP_ProductValidation"/>
					</Record>
				</Annotation>
			</Annotations>
			<Annotations xmlns="http://docs.oasis-open.org/odata/ns/edm" Target="STTA_PROD_MAN.STTA_PROD_MAN_Entities/STTA_C_MP_ProductText">
				<Annotation Term="Common.DraftNode">
					<Record>
						<PropertyValue Property="PreparationAction" String="STTA_PROD_MAN.STTA_PROD_MAN_Entities/STTA_C_MP_ProductTextPreparation"/>
						<PropertyValue Property="ValidationFunction" String="STTA_PROD_MAN.STTA_PROD_MAN_Entities/STTA_C_MP_ProductTextValidation"/>
					</Record>
				</Annotation>
				<Annotation Term="Common.DraftActivationVia">
					<Collection>
						<String>
STTA_PROD_MAN.STTA_PROD_MAN_Entities/STTA_C_MP_Product
						</String>
					</Collection>
				</Annotation>
			</Annotations>
			<Annotations xmlns="http://docs.oasis-open.org/odata/ns/edm" Target="STTA_PROD_MAN.SEPMRA_I_ContactPersonType/PreferredLanguage">
				<Annotation Term="Common.ValueList">
					<Record>
						<PropertyValue Property="Label" String="Language"/>
						<PropertyValue Property="CollectionPath" String="I_Language"/>
						<PropertyValue Property="SearchSupported" Bool="true"/>
						<PropertyValue Property="Parameters">
							<Collection>
								<Record Type="Common.ValueListParameterInOut">
									<PropertyValue Property="LocalDataProperty" PropertyPath="PreferredLanguage"/>
									<PropertyValue Property="ValueListProperty" String="Language"/>
								</Record>
								<Record Type="Common.ValueListParameterDisplayOnly">
									<PropertyValue Property="ValueListProperty" String="Language_Text"/>
								</Record>
							</Collection>
						</PropertyValue>
					</Record>
				</Annotation>
			</Annotations>
			<Annotations xmlns="http://docs.oasis-open.org/odata/ns/edm" Target="STTA_PROD_MAN.SEPMRA_I_ContactPersonType/AddressUUID">
				<Annotation Term="Common.ValueList">
					<Record>
						<PropertyValue Property="Label" String="Address"/>
						<PropertyValue Property="CollectionPath" String="SEPMRA_I_Address"/>
						<PropertyValue Property="SearchSupported" Bool="false"/>
						<PropertyValue Property="Parameters">
							<Collection>
								<Record Type="Common.ValueListParameterInOut">
									<PropertyValue Property="LocalDataProperty" PropertyPath="AddressUUID"/>
									<PropertyValue Property="ValueListProperty" String="AddressUUID"/>
								</Record>
							</Collection>
						</PropertyValue>
					</Record>
				</Annotation>
			</Annotations>
			<Annotations xmlns="http://docs.oasis-open.org/odata/ns/edm" Target="STTA_PROD_MAN.SEPMRA_I_ProductCategoryType/MainProductCategory">
				<Annotation Term="Common.ValueList">
					<Record>
						<PropertyValue Property="Label" String="Category"/>
						<PropertyValue Property="CollectionPath" String="SEPMRA_I_ProductMainCategory"/>
						<PropertyValue Property="SearchSupported" Bool="true"/>
						<PropertyValue Property="Parameters">
							<Collection>
								<Record Type="Common.ValueListParameterInOut">
									<PropertyValue Property="LocalDataProperty" PropertyPath="MainProductCategory"/>
									<PropertyValue Property="ValueListProperty" String="MainProductCategory"/>
								</Record>
							</Collection>
						</PropertyValue>
					</Record>
				</Annotation>
			</Annotations>
			<Annotations xmlns="http://docs.oasis-open.org/odata/ns/edm" Target="STTA_PROD_MAN.STTA_C_MP_ProductType/OriginalLanguage">
				<Annotation Term="Common.ValueList">
					<Record>
						<PropertyValue Property="Label" String="Language"/>
						<PropertyValue Property="CollectionPath" String="I_Language"/>
						<PropertyValue Property="SearchSupported" Bool="true"/>
						<PropertyValue Property="Parameters">
							<Collection>
								<Record Type="Common.ValueListParameterInOut">
									<PropertyValue Property="LocalDataProperty" PropertyPath="OriginalLanguage"/>
									<PropertyValue Property="ValueListProperty" String="Language"/>
								</Record>
								<Record Type="Common.ValueListParameterDisplayOnly">
									<PropertyValue Property="ValueListProperty" String="Language_Text"/>
								</Record>
							</Collection>
						</PropertyValue>
					</Record>
				</Annotation>
			</Annotations>
			<Annotations xmlns="http://docs.oasis-open.org/odata/ns/edm" Target="STTA_PROD_MAN.STTA_C_MP_ProductSalesDataType/Currency">
				<Annotation Term="Common.ValueList">
					<Record>
						<PropertyValue Property="Label" String="Currency"/>
						<PropertyValue Property="CollectionPath" String="I_Currency"/>
						<PropertyValue Property="SearchSupported" Bool="true"/>
						<PropertyValue Property="Parameters">
							<Collection>
								<Record Type="Common.ValueListParameterInOut">
									<PropertyValue Property="LocalDataProperty" PropertyPath="Currency"/>
									<PropertyValue Property="ValueListProperty" String="Currency"/>
								</Record>
								<Record Type="Common.ValueListParameterDisplayOnly">
									<PropertyValue Property="ValueListProperty" String="Currency_Text"/>
								</Record>
							</Collection>
						</PropertyValue>
					</Record>
				</Annotation>
			</Annotations>
			<Annotations xmlns="http://docs.oasis-open.org/odata/ns/edm" Target="STTA_PROD_MAN.STTA_C_MP_ProductSalesDataType/QuantityUnit">
				<Annotation Term="Common.ValueList">
					<Record>
						<PropertyValue Property="Label" String="Quantity Unit"/>
						<PropertyValue Property="CollectionPath" String="SEPMRA_I_QuantityUnit"/>
						<PropertyValue Property="SearchSupported" Bool="true"/>
						<PropertyValue Property="Parameters">
							<Collection>
								<Record Type="Common.ValueListParameterInOut">
									<PropertyValue Property="LocalDataProperty" PropertyPath="QuantityUnit"/>
									<PropertyValue Property="ValueListProperty" String="UnitOfMeasure"/>
								</Record>
								<Record Type="Common.ValueListParameterDisplayOnly">
									<PropertyValue Property="ValueListProperty" String="UnitOfMeasure_Text"/>
								</Record>
							</Collection>
						</PropertyValue>
					</Record>
				</Annotation>
			</Annotations>
			<Annotations xmlns="http://docs.oasis-open.org/odata/ns/edm" Target="STTA_PROD_MAN.STTA_C_MP_ProductTextType/Product">
				<Annotation Term="Common.ValueList">
					<Record>
						<PropertyValue Property="Label" String="Product"/>
						<PropertyValue Property="CollectionPath" String="STTA_C_MP_Product"/>
						<PropertyValue Property="SearchSupported" Bool="true"/>
						<PropertyValue Property="Parameters">
							<Collection>
								<Record Type="Common.ValueListParameterInOut">
									<PropertyValue Property="LocalDataProperty" PropertyPath="Product"/>
									<PropertyValue Property="ValueListProperty" String="Product"/>
								</Record>
								<Record Type="Common.ValueListParameterDisplayOnly">
									<PropertyValue Property="ValueListProperty" String="Name"/>
								</Record>
							</Collection>
						</PropertyValue>
					</Record>
				</Annotation>
			</Annotations>
			<Annotations xmlns="http://docs.oasis-open.org/odata/ns/edm" Target="STTA_PROD_MAN.STTA_C_MP_ProductTextType/LanguageForEdit">
				<Annotation Term="Common.ValueList">
					<Record>
						<PropertyValue Property="Label" String="Language"/>
						<PropertyValue Property="CollectionPath" String="I_Language"/>
						<PropertyValue Property="SearchSupported" Bool="true"/>
						<PropertyValue Property="Parameters">
							<Collection>
								<Record Type="Common.ValueListParameterInOut">
									<PropertyValue Property="LocalDataProperty" PropertyPath="LanguageForEdit"/>
									<PropertyValue Property="ValueListProperty" String="Language"/>
								</Record>
								<Record Type="Common.ValueListParameterDisplayOnly">
									<PropertyValue Property="ValueListProperty" String="Language_Text"/>
								</Record>
							</Collection>
						</PropertyValue>
					</Record>
				</Annotation>
			</Annotations>
			<Annotations xmlns="http://docs.oasis-open.org/odata/ns/edm" Target="STTA_PROD_MAN.STTA_C_MP_StockAvailabilityType/Product">
				<Annotation Term="Common.ValueList">
					<Record>
						<PropertyValue Property="Label" String="Product"/>
						<PropertyValue Property="CollectionPath" String="STTA_C_MP_Product"/>
						<PropertyValue Property="SearchSupported" Bool="true"/>
						<PropertyValue Property="Parameters">
							<Collection>
								<Record Type="Common.ValueListParameterInOut">
									<PropertyValue Property="LocalDataProperty" PropertyPath="Product"/>
									<PropertyValue Property="ValueListProperty" String="Product"/>
								</Record>
								<Record Type="Common.ValueListParameterDisplayOnly">
									<PropertyValue Property="ValueListProperty" String="Name"/>
								</Record>
							</Collection>
						</PropertyValue>
					</Record>
				</Annotation>
			</Annotations>
			<Annotations xmlns="http://docs.oasis-open.org/odata/ns/edm" Target="STTA_PROD_MAN.STTA_C_MP_StockAvailabilityType/QuantityUnit">
				<Annotation Term="Common.ValueList">
					<Record>
						<PropertyValue Property="Label" String="Quantity Unit"/>
						<PropertyValue Property="CollectionPath" String="SEPMRA_I_QuantityUnit"/>
						<PropertyValue Property="SearchSupported" Bool="true"/>
						<PropertyValue Property="Parameters">
							<Collection>
								<Record Type="Common.ValueListParameterInOut">
									<PropertyValue Property="LocalDataProperty" PropertyPath="QuantityUnit"/>
									<PropertyValue Property="ValueListProperty" String="UnitOfMeasure"/>
								</Record>
								<Record Type="Common.ValueListParameterDisplayOnly">
									<PropertyValue Property="ValueListProperty" String="UnitOfMeasure_Text"/>
								</Record>
							</Collection>
						</PropertyValue>
					</Record>
				</Annotation>
			</Annotations>
			<Annotations xmlns="http://docs.oasis-open.org/odata/ns/edm" Target="STTA_PROD_MAN.STTA_C_MP_StockAvailabilityType/StockAvailability">
				<Annotation Term="Common.ValueList">
					<Record>
						<PropertyValue Property="Label" String="Product Stock Availability"/>
						<PropertyValue Property="CollectionPath" String="SEPMRA_I_StockAvailability"/>
						<PropertyValue Property="SearchSupported" Bool="false"/>
						<PropertyValue Property="Parameters">
							<Collection>
								<Record Type="Common.ValueListParameterInOut">
									<PropertyValue Property="LocalDataProperty" PropertyPath="StockAvailability"/>
									<PropertyValue Property="ValueListProperty" String="StockAvailability"/>
								</Record>
								<Record Type="Common.ValueListParameterDisplayOnly">
									<PropertyValue Property="ValueListProperty" String="StockAvailability_Text"/>
								</Record>
							</Collection>
						</PropertyValue>
					</Record>
				</Annotation>
			</Annotations>
			<Annotations xmlns="http://docs.oasis-open.org/odata/ns/edm" Target="STTA_PROD_MAN.STTA_C_MP_SupplierType/AddressUUID">
				<Annotation Term="Common.ValueList">
					<Record>
						<PropertyValue Property="Label" String="Address"/>
						<PropertyValue Property="CollectionPath" String="SEPMRA_I_Address"/>
						<PropertyValue Property="SearchSupported" Bool="false"/>
						<PropertyValue Property="Parameters">
							<Collection>
								<Record Type="Common.ValueListParameterInOut">
									<PropertyValue Property="LocalDataProperty" PropertyPath="AddressUUID"/>
									<PropertyValue Property="ValueListProperty" String="AddressUUID"/>
								</Record>
							</Collection>
						</PropertyValue>
					</Record>
				</Annotation>
			</Annotations>
			<Annotations xmlns="http://docs.oasis-open.org/odata/ns/edm" Target="STTA_PROD_MAN.SEPMRA_I_ProductCategoryType">
				<Annotation Term="Common.SemanticKey">
					<Collection>
						<PropertyPath>ProductCategory</PropertyPath>
					</Collection>
				</Annotation>
			</Annotations>
			<Annotations xmlns="http://docs.oasis-open.org/odata/ns/edm" Target="STTA_PROD_MAN.SEPMRA_I_ProductMainCategoryType">
				<Annotation Term="Common.SemanticKey">
					<Collection>
						<PropertyPath>MainProductCategory</PropertyPath>
					</Collection>
				</Annotation>
			</Annotations>
			<Annotations xmlns="http://docs.oasis-open.org/odata/ns/edm" Target="STTA_PROD_MAN.SEPMRA_I_SupplierContactPersonType">
				<Annotation Term="Common.SemanticKey">
					<Collection>
						<PropertyPath>ContactPerson</PropertyPath>
					</Collection>
				</Annotation>
			</Annotations>
			<Annotations xmlns="http://docs.oasis-open.org/odata/ns/edm" Target="STTA_PROD_MAN.STTA_C_MP_ProductType">
				<Annotation Term="Common.SemanticKey">
					<Collection>
						<PropertyPath>Product</PropertyPath>
					</Collection>
				</Annotation>
			</Annotations>
			<Annotations xmlns="http://docs.oasis-open.org/odata/ns/edm" Target="STTA_PROD_MAN.STTA_C_MP_SupplierType">
				<Annotation Term="Common.SemanticKey">
					<Collection>
						<PropertyPath>Supplier</PropertyPath>
					</Collection>
				</Annotation>
			</Annotations>
			<Annotations xmlns="http://docs.oasis-open.org/odata/ns/edm" Target="STTA_PROD_MAN.STTA_PROD_MAN_Entities/STTA_C_MP_ProductCopywithparams/Supplier">
				<Annotation Term="com.sap.vocabularies.Common.v1.ValueList">
					<Record>
						<PropertyValue Property="CollectionPath" String="STTA_C_MP_Supplier"/>
						<PropertyValue Property="SearchSupported" Bool="true"/>
						<PropertyValue Property="Parameters">
							<Collection>
								<Record Type="com.sap.vocabularies.Common.v1.ValueListParameterInOut">
									<PropertyValue Property="LocalDataProperty" PropertyPath="Supplier"/>
									<PropertyValue Property="ValueListProperty" String="Supplier"/>
								</Record>
								<Record Type="com.sap.vocabularies.Common.v1.ValueListParameterDisplayOnly">
									<PropertyValue Property="ValueListProperty" String="CompanyName"/>
								</Record>
							</Collection>
						</PropertyValue>
					</Record>
				</Annotation>
			</Annotations>
			<Annotations xmlns="http://docs.oasis-open.org/odata/ns/edm" Target="STTA_PROD_MAN.STTA_C_MP_ProductTextType">
				<Annotation Term="com.sap.vocabularies.Common.v1.SideEffects">
					<Record>
						<PropertyValue Property="SourceProperties">
							<Collection>
								<PropertyPath>Name</PropertyPath>
							</Collection>
						</PropertyValue>
						<PropertyValue Property="TargetProperties">
							<Collection>
								<PropertyPath>Description</PropertyPath>
							</Collection>
						</PropertyValue>
					</Record>
				</Annotation>
			</Annotations>
			<atom:link xmlns:atom="http://www.w3.org/2005/Atom" rel="self" href="./sap/STTA_PROD_MAN/$metadata"/>
			<atom:link xmlns:atom="http://www.w3.org/2005/Atom" rel="latest-version" href="./sap/STTA_PROD_MAN/$metadata"/>
		</Schema>
	</edmx:DataServices>
</edmx:Edmx>